{
  "id": "dist_0008",
  "params": {
    "n_gaussians": 2,
    "centers": [
      [
        0.6951552478467561,
        0.9823976743939615
      ],
      [
        0.40533066958665903,
        2.0755109226869557
      ]
    ],
    "covs": [
      23.535098399410362,
      25.345830628368063
    ],
    "weights": [
      0.567769301481104,
      0.432230698518896
    ]
  },
  "workspace_bounds": [
    [
      0.0,
      3.5
    ],
    [
      -1.0,
      3.5
    ]
  ]
}