{
  "id": "dist_0004",
  "params": {
    "n_gaussians": 4,
    "centers": [
      [
        0.5298176418213072,
        2.2793447046359585
      ],
      [
        2.4647951017560956,
        2.6656031692819724
      ],
      [
        2.609928371951323,
        -0.1396655015742499
      ],
      [
        0.9858639221867205,
        1.0940162939248603
      ]
    ],
    "covs": [
      21.66491126724226,
      23.17318106902196,
      28.992900481186105,
      9.670005706014745
    ],
    "weights": [
      0.3020971714227073,
      0.25095110208324906,
      0.2617136448495337,
      0.18523808164451
    ]
  },
  "workspace_bounds": [
    [
      0.0,
      3.5
    ],
    [
      -1.0,
      3.5
    ]
  ]
}