{
  "id": "dist_0003",
  "params": {
    "n_gaussians": 4,
    "centers": [
      [
        2.0479327250466746,
        1.099423222637334
      ],
      [
        2.9510131242798576,
        1.1040091114007604
      ],
      [
        1.91010956904115,
        2.7055872229735476
      ],
      [
        1.7568876621743874,
        2.041549998447956
      ]
    ],
    "covs": [
      23.22952897041528,
      13.610911397728591,
      25.178684026195867,
      18.947608473835956
    ],
    "weights": [
      0.34943820134213516,
      0.23199636047001837,
      0.268674872301349,
      0.14989056588649755
    ]
  },
  "workspace_bounds": [
    [
      0.0,
      3.5
    ],
    [
      -1.0,
      3.5
    ]
  ]
}