{
  "id": "dist_0009",
  "params": {
    "n_gaussians": 7,
    "centers": [
      [
        2.0844385934483203,
        -0.07980611069437576
      ],
      [
        3.01701714944719,
        2.609047542659491
      ],
      [
        2.8142979297121253,
        0.4444689956627699
      ],
      [
        1.1554315038613645,
        1.4231196012281968
      ],
      [
        1.5606905714724397,
        2.487025941868972
      ],
      [
        2.194578431013837,
        2.545357896000798
      ],
      [
        0.49988799373813453,
        0.23761858364786426
      ]
    ],
    "covs": [
      19.468842734222093,
      13.818022109905698,
      27.233219175499897,
      18.57702579852248,
      13.021041113448756,
      14.173421599679806,
      27.77945415335428
    ],
    "weights": [
      0.07499662354130598,
      0.1574566759353804,
      0.09957872734742308,
      0.16789745686286042,
      0.18197025427122324,
      0.2010865538489128,
      0.11701370819289403
    ]
  },
  "workspace_bounds": [
    [
      0.0,
      3.5
    ],
    [
      -1.0,
      3.5
    ]
  ]
}