{
  "id": "dist_0001",
  "params": {
    "n_gaussians": 2,
    "centers": [
      [
        1.9584012798155872,
        0.7244547964159949
      ],
      [
        2.5825354441398223,
        1.8236403201982483
      ]
    ],
    "covs": [
      27.568661039981517,
      28.492389704454805
    ],
    "weights": [
      0.47673779672260763,
      0.5232622032773924
    ]
  },
  "workspace_bounds": [
    [
      0.0,
      3.5
    ],
    [
      -1.0,
      3.5
    ]
  ]
}