{
  "id": "dist_0006",
  "params": {
    "n_gaussians": 4,
    "centers": [
      [
        2.4190301217241967,
        -0.2988123783650836
      ],
      [
        1.813618622778369,
        0.7529521665181806
      ],
      [
        0.723923356335652,
        2.623185023134626
      ],
      [
        2.8246615651901354,
        1.559811942801305
      ]
    ],
    "covs": [
      25.23600825981678,
      18.195897685396254,
      13.10080815335083,
      10.015938151170637
    ],
    "weights": [
      0.19482725269195833,
      0.2895952561226773,
      0.1375002490849741,
      0.37807724210039023
    ]
  },
  "workspace_bounds": [
    [
      0.0,
      3.5
    ],
    [
      -1.0,
      3.5
    ]
  ]
}