{
  "id": "dist_0000",
  "params": {
    "n_gaussians": 7,
    "centers": [
      [
        0.5301792842953081,
        1.4944676924881335
      ],
      [
        1.1236749189781798,
        1.8632974423273014
      ],
      [
        3.0888212926802194,
        1.971355285574887
      ],
      [
        2.5996518469505268,
        2.9592802563101017
      ],
      [
        0.6587583845711615,
        -0.1539750101808649
      ],
      [
        2.63202155173106,
        0.11655228311825738
      ],
      [
        1.878693468097079,
        0.20157640967164092
      ]
    ],
    "covs": [
      18.594524087998067,
      20.72602317945722,
      18.101556717552796,
      11.56063216310166,
      12.147460039844042,
      15.759614286538227,
      14.482378035572463
    ],
    "weights": [
      0.1092955240646407,
      0.15644951322734355,
      0.17413622510030521,
      0.16142006714816798,
      0.16576951386646716,
      0.1458242597440873,
      0.08710489684898821
    ]
  },
  "workspace_bounds": [
    [
      0.0,
      3.5
    ],
    [
      -1.0,
      3.5
    ]
  ]
}