{
  "id": "dist_0002",
  "params": {
    "n_gaussians": 3,
    "centers": [
      [
        2.577385357010164,
        1.7445084383791591
      ],
      [
        0.9992813262705986,
        2.2366487960291197
      ],
      [
        2.5964360579403385,
        0.8737576008485275
      ]
    ],
    "covs": [
      11.697079534790713,
      26.80031452424926,
      23.912659010582622
    ],
    "weights": [
      0.30072144801950734,
      0.4534754100296757,
      0.245803141950817
    ]
  },
  "workspace_bounds": [
    [
      0.0,
      3.5
    ],
    [
      -1.0,
      3.5
    ]
  ]
}