{
  "id": "dist_0005",
  "params": {
    "n_gaussians": 4,
    "centers": [
      [
        2.219001122574519,
        2.437113159497274
      ],
      [
        1.7961212611758244,
        -0.2460177933931506
      ],
      [
        1.4876509320215374,
        1.3506253756854292
      ],
      [
        0.8694119306756776,
        1.9850490723524576
      ]
    ],
    "covs": [
      27.784298158246163,
      22.56832677539856,
      25.05527830181487,
      12.680852589323429
    ],
    "weights": [
      0.19261772784211476,
      0.34013194825542753,
      0.20951419854181552,
      0.2577361253606421
    ]
  },
  "workspace_bounds": [
    [
      0.0,
      3.5
    ],
    [
      -1.0,
      3.5
    ]
  ]
}