{
  "id": "dist_0007",
  "params": {
    "n_gaussians": 2,
    "centers": [
      [
        1.4386707742274671,
        2.485247636768248
      ],
      [
        2.301301365134984,
        1.6967085930260197
      ]
    ],
    "covs": [
      26.528512537151993,
      15.578522093807866
    ],
    "weights": [
      0.5041289730669635,
      0.4958710269330365
    ]
  },
  "workspace_bounds": [
    [
      0.0,
      3.5
    ],
    [
      -1.0,
      3.5
    ]
  ]
}