{
  "robot_state": {
    "mean": [
      1.7497046653843793,
      1.2588520134268815,
      0.0002515735483463165,
      -0.0004384798499214335
    ],
    "std": [
      0.8596720822301073,
      1.1080157668641462,
      0.024307093796562367,
      0.022465445314018905
    ],
    "min": [
      0.3221966028213501,
      -0.5641608834266663,
      -0.07230442762374878,
      -0.06727062910795212
    ],
    "max": [
      3.1653079986572266,
      3.0765695571899414,
      0.07339809089899063,
      0.06964651495218277
    ],
    "count": 18135
  },
  "trajectory_all_points": {
    "mean": [
      1.7302210944312129,
      1.2154323817285861,
      -0.0008044877693849651,
      -0.0017424289670245783
    ],
    "std": [
      0.7437723607287429,
      0.899999383068544,
      0.3056278879629846,
      0.3191297671272639
    ],
    "min": [
      -0.03457353636622429,
      -0.9569316506385803,
      -1.064907431602478,
      -1.0615726709365845
    ],
    "max": [
      3.548238515853882,
      3.4437310695648193,
      1.0630238056182861,
      1.0608810186386108
    ],
    "count": 1831635
  },
  "gamma_hist": {
    "0.005000000000000002": 436,
    "0.005304091775697242": 447,
    "0.005626677913003829": 451,
    "0.005968883208572184": 455,
    "0.006331900867337015": 449,
    "0.006716996662994503": 448,
    "0.007125513351514992": 451,
    "0.007558875353078316": 449,
    "0.008018593718756654": 452,
    "0.008506271399262945": 446,
    "0.009023608834135857": 454,
    "0.009572409880849793": 448,
    "0.010154588104523686": 456,
    "0.010772173450159423": 494,
    "0.011427319320674954": 453,
    "0.012122310085411649": 462,
    "0.01285956904529673": 440,
    "0.013641666882433852": 453,
    "0.014471330623583762": 460,
    "0.015351453148789251": 450,
    "0.016285103278298914": 458,
    "0.017275536472961105": 461,
    "0.01832620618539814": 454,
    "0.019440775901540443": 450,
    "0.020623131914506765": 457,
    "0.021877396875370932": 454,
    "0.023207944168063908": 496,
    "0.0246194131585337": 451,
    "0.026116725371334217": 442,
    "0.027705101650047467": 453,
    "0.029390080361374565": 442,
    "0.03117753670636958": 453,
    "0.03307370320615075": 445,
    "0.03508519143351915": 456,
    "0.03721901506625846": 443,
    "0.03948261434249863": 435,
    "0.041883882003414606": 440,
    "0.04443119081371704": 451,
    "0.047133422755894265": 448,
    "0.05": 492
  }
}