{
  "robot_state": {
    "mean": [
      0.19003993495756463,
      3.307100179308407,
      -0.0052441065664747015,
      0.004914201126813881
    ],
    "std": [
      0.01844288577609891,
      0.02121273067661598,
      0.014186052724896597,
      0.01697275369310611
    ],
    "min": [
      0.12115037441253662,
      3.2025344371795654,
      -0.049739569425582886,
      -0.04097055271267891
    ],
    "max": [
      0.2931964099407196,
      3.371225595474243,
      0.03785374388098717,
      0.05417309328913689
    ],
    "count": 17997
  },
  "trajectory_all_points": {
    "mean": [
      1.7382064028790394,
      1.2640194783398395,
      0.19082770263594206,
      -0.24750572414439143
    ],
    "std": [
      0.8898811142421619,
      1.1698656547562505,
      0.41919861187193447,
      0.39656497928987194
    ],
    "min": [
      -0.03779393434524536,
      -1.03131103515625,
      -2.0445923805236816,
      -2.4798214435577393
    ],
    "max": [
      3.744149684906006,
      3.494753122329712,
      2.232849597930908,
      2.0569467544555664
    ],
    "count": 1817697
  },
  "gamma_hist": {
    "0.03": 447,
    "0.03126392948669568": 445,
    "0.03258110956496933": 437,
    "0.0339537837345836": 448,
    "0.03538429001615122": 468,
    "0.03687506493339139": 442,
    "0.03842864766316246": 455,
    "0.040047684360339474": 455,
    "0.0417349326649033": 456,
    "0.04349326639891764": 452,
    "0.0453256804613944": 452,
    "0.04723529592938452": 445,
    "0.04922536537398271": 462,
    "0.0512992784003009": 451,
    "0.05346056742084597": 447,
    "0.055712913672135635": 456,
    "0.05806015348480042": 460,
    "0.060506284817850975": 452,
    "0.06305547406824062": 441,
    "0.06571206316732146": 442,
    "0.06848057697628104": 445,
    "0.07136573099315621": 442,
    "0.07437243938455099": 456,
    "0.07750582335573838": 443,
    "0.08077121987340322": 462,
    "0.08417419075588238": 444,
    "0.08772053214638595": 460,
    "0.09141628438533447": 455,
    "0.09526774229862722": 445,
    "0.09928146591936592": 442,
    "0.1034642916612946": 452,
    "0.1078233439629877": 446,
    "0.11236604742261942": 453,
    "0.11710013944398258": 452,
    "0.12203368341529679": 444,
    "0.12717508244325285": 455,
    "0.13253309366568555": 448,
    "0.13811684316725428": 447,
    "0.14393584152353486": 446,
    "0.15": 447
  }
}