{
  "id": "dist_0042",
  "params": {
    "n_gaussians": 4,
    "centers": [
      [
        2.260820904763626,
        0.7948143172487128
      ],
      [
        2.7138713678212043,
        1.806262927691353
      ],
      [
        3.0715638157621017,
        0.30529104406721663
      ],
      [
        0.8884752877128577,
        0.27306868042541466
      ]
    ],
    "covs": [
      28.407613913491318,
      15.997293181636753,
      24.689287008981793,
      15.832934124273894
    ],
    "weights": [
      0.34556762390785256,
      0.2396021631019097,
      0.1526834499360333,
      0.2621467630542044
    ]
  },
  "workspace_bounds": [
    [
      0.0,
      3.5
    ],
    [
      -1.0,
      3.5
    ]
  ]
}