{
  "id": "dist_0045",
  "params": {
    "n_gaussians": 4,
    "centers": [
      [
        0.4183353978013634,
        1.7927715181158026
      ],
      [
        3.01912665866705,
        0.45092457950492437
      ],
      [
        2.3351488721260285,
        2.1889376690193423
      ],
      [
        0.9724956106582865,
        0.8163803670554572
      ]
    ],
    "covs": [
      13.495845649246219,
      26.29008670734149,
      28.211175873001572,
      24.373167359566555
    ],
    "weights": [
      0.3267612507481348,
      0.3053742748022147,
      0.20776647344568014,
      0.16009800100397042
    ]
  },
  "workspace_bounds": [
    [
      0.0,
      3.5
    ],
    [
      -1.0,
      3.5
    ]
  ]
}