{
  "id": "dist_0027",
  "params": {
    "n_gaussians": 2,
    "centers": [
      [
        2.2765537007495635,
        0.8993741958102501
      ],
      [
        2.0026586493616754,
        2.4248391813393724
      ]
    ],
    "covs": [
      22.396249685839972,
      22.81533604156873
    ],
    "weights": [
      0.6839571336098964,
      0.3160428663901036
    ]
  },
  "workspace_bounds": [
    [
      0.0,
      3.5
    ],
    [
      -1.0,
      3.5
    ]
  ]
}