{
  "id": "dist_0024",
  "params": {
    "n_gaussians": 5,
    "centers": [
      [
        1.0894191848622197,
        2.401011223465706
      ],
      [
        1.7233114998351509,
        2.415625726472446
      ],
      [
        0.9975904015583874,
        0.10590743830709493
      ],
      [
        3.0423127945087067,
        3.0250841297777447
      ],
      [
        3.0922169193851956,
        0.5935936369963342
      ]
    ],
    "covs": [
      13.941173331328345,
      13.216943477957885,
      17.126246577875214,
      8.191204679771518,
      20.45736087441541
    ],
    "weights": [
      0.25432930383178737,
      0.21177567259628122,
      0.22342637722013947,
      0.14857230719073156,
      0.16189633916106033
    ]
  },
  "workspace_bounds": [
    [
      0.0,
      3.5
    ],
    [
      -1.0,
      3.5
    ]
  ]
}