{
  "id": "dist_0010",
  "params": {
    "n_gaussians": 7,
    "centers": [
      [
        1.3788903974049038,
        1.5314059783815404
      ],
      [
        2.2939079508451106,
        2.486753622375951
      ],
      [
        0.8781669437359232,
        -0.36059266642458854
      ],
      [
        0.842102113794949,
        2.017691971312847
      ],
      [
        1.4444779257160079,
        2.9993027435778643
      ],
      [
        2.6455394415822084,
        0.5276355041928809
      ],
      [
        0.5823308431266482,
        0.5580137420126658
      ]
    ],
    "covs": [
      18.115033555001972,
      19.48179594848025,
      14.901302313716583,
      27.09213823926146,
      11.865359267117473,
      28.55158588351823,
      29.838394225415016
    ],
    "weights": [
      0.1706522014636577,
      0.20004908901184332,
      0.12607462579800124,
      0.09930069404659361,
      0.09417798230261772,
      0.1344014283315242,
      0.17534397904576218
    ]
  },
  "workspace_bounds": [
    [
      0.0,
      3.5
    ],
    [
      -1.0,
      3.5
    ]
  ]
}