{
  "id": "dist_0041",
  "params": {
    "n_gaussians": 2,
    "centers": [
      [
        3.0301341176389474,
        0.14439895438674955
      ],
      [
        2.757751207211548,
        2.604526440894265
      ]
    ],
    "covs": [
      20.46216591621448,
      16.14021959656221
    ],
    "weights": [
      0.41705279590600686,
      0.5829472040939931
    ]
  },
  "workspace_bounds": [
    [
      0.0,
      3.5
    ],
    [
      -1.0,
      3.5
    ]
  ]
}