{
  "id": "dist_0005",
  "params": {
    "n_gaussians": 3,
    "centers": [
      [
        1.06016609707094,
        1.5487685397770588
      ],
      [
        2.033163261163694,
        -0.1474596897961083
      ],
      [
        1.815559523008486,
        0.7178885307492753
      ]
    ],
    "covs": [
      21.23955661415787,
      16.01005853551331,
      28.452357248629994
    ],
    "weights": [
      0.37123774402877563,
      0.3177753976590734,
      0.310986858312151
    ]
  },
  "workspace_bounds": [
    [
      0.0,
      3.5
    ],
    [
      -1.0,
      3.5
    ]
  ]
}