{
  "id": "dist_0039",
  "params": {
    "n_gaussians": 5,
    "centers": [
      [
        0.5520962748567884,
        1.5901962608015034
      ],
      [
        2.904235243737131,
        1.8021088723927898
      ],
      [
        2.378375778313325,
        2.2214891528566563
      ],
      [
        0.7556970387283097,
        0.0018034255366297103
      ],
      [
        1.5851909972607372,
        -0.28792546681914954
      ]
    ],
    "covs": [
      26.95294405835538,
      12.775249403257828,
      11.074641566696418,
      18.436337216424967,
      12.227243559035644
    ],
    "weights": [
      0.20496008546291586,
      0.21139078326493718,
      0.1223391464440854,
      0.23716728364846326,
      0.22414270117959825
    ]
  },
  "workspace_bounds": [
    [
      0.0,
      3.5
    ],
    [
      -1.0,
      3.5
    ]
  ]
}