{
  "id": "dist_0043",
  "params": {
    "n_gaussians": 3,
    "centers": [
      [
        2.5823703463687195,
        1.173321619185189
      ],
      [
        2.1959666314448,
        1.8611199787467998
      ],
      [
        2.3494222067915995,
        -0.12403891277030343
      ]
    ],
    "covs": [
      17.023228368562123,
      22.615291981869714,
      20.106748851670147
    ],
    "weights": [
      0.23405670874201928,
      0.2849462383314875,
      0.4809970529264932
    ]
  },
  "workspace_bounds": [
    [
      0.0,
      3.5
    ],
    [
      -1.0,
      3.5
    ]
  ]
}