{
  "id": "dist_0015",
  "params": {
    "n_gaussians": 6,
    "centers": [
      [
        3.089793484574444,
        0.1803892839755149
      ],
      [
        1.420422336024062,
        0.1053800336156363
      ],
      [
        0.47246075518086367,
        2.8622942121598838
      ],
      [
        2.5774648983874378,
        -0.3408117216943612
      ],
      [
        1.047718793655822,
        2.449098789531658
      ],
      [
        1.1205603651455616,
        1.1302117359609374
      ]
    ],
    "covs": [
      22.91324768986703,
      25.65921929018337,
      14.954505937517467,
      25.51639126771459,
      8.837010522971449,
      8.261391322944647
    ],
    "weights": [
      0.18379392539286796,
      0.15652444460189247,
      0.19467781803644452,
      0.17419109312350445,
      0.1069619478070982,
      0.18385077103819256
    ]
  },
  "workspace_bounds": [
    [
      0.0,
      3.5
    ],
    [
      -1.0,
      3.5
    ]
  ]
}