{
  "id": "dist_0030",
  "params": {
    "n_gaussians": 7,
    "centers": [
      [
        0.6682180419943945,
        0.41740205508052475
      ],
      [
        0.8523017023459896,
        1.5551128002995018
      ],
      [
        0.6782199741557524,
        -0.39006587208621146
      ],
      [
        2.5754516806826566,
        -0.46012969581221264
      ],
      [
        2.632913157734752,
        2.9649754480405663
      ],
      [
        2.0532103767429497,
        1.8890899345582743
      ],
      [
        2.8698201994780423,
        0.47788692755523865
      ]
    ],
    "covs": [
      11.147821257978105,
      14.452358335758024,
      8.07274938758318,
      18.30465871908278,
      9.97184110886587,
      15.382390161203979,
      18.458056262186513
    ],
    "weights": [
      0.169239936972936,
      0.15595765133242062,
      0.13340699256726518,
      0.0858619509814617,
      0.1739653363749591,
      0.17525543374264152,
      0.10631269802831596
    ]
  },
  "workspace_bounds": [
    [
      0.0,
      3.5
    ],
    [
      -1.0,
      3.5
    ]
  ]
}