{
  "id": "dist_0048",
  "params": {
    "n_gaussians": 3,
    "centers": [
      [
        2.9073274810474175,
        -0.5177790724257489
      ],
      [
        2.877584186328035,
        0.930011569232043
      ],
      [
        2.1880448424416996,
        0.30383911342099224
      ]
    ],
    "covs": [
      14.840287629575814,
      29.568728542490568,
      20.573413141784226
    ],
    "weights": [
      0.3591351747841073,
      0.3359673799379055,
      0.3048974452779873
    ]
  },
  "workspace_bounds": [
    [
      0.0,
      3.5
    ],
    [
      -1.0,
      3.5
    ]
  ]
}