{
  "id": "dist_0028",
  "params": {
    "n_gaussians": 4,
    "centers": [
      [
        1.4336471326926488,
        0.863531265375908
      ],
      [
        1.718172336447358,
        -0.3623220369955294
      ],
      [
        0.3907322639590357,
        -0.4853737756048071
      ],
      [
        2.6899935896838447,
        2.8686644742567093
      ]
    ],
    "covs": [
      28.789212367518036,
      28.921289329758764,
      29.58476219660572,
      19.021137203188587
    ],
    "weights": [
      0.21697688471099796,
      0.20278105196571777,
      0.2240651590521371,
      0.3561769042711472
    ]
  },
  "workspace_bounds": [
    [
      0.0,
      3.5
    ],
    [
      -1.0,
      3.5
    ]
  ]
}