{
  "id": "dist_0046",
  "params": {
    "n_gaussians": 5,
    "centers": [
      [
        1.9096249538577255,
        2.888808041278727
      ],
      [
        1.6598224106812665,
        1.158794305648862
      ],
      [
        1.7734316181292245,
        0.155219791280944
      ],
      [
        1.0465990312538827,
        1.1229798921431124
      ],
      [
        0.35758615048581827,
        2.434074177369646
      ]
    ],
    "covs": [
      28.111853944592834,
      22.24713145618766,
      18.621863704896374,
      22.78410029400456,
      27.46368884031346
    ],
    "weights": [
      0.11732414289403001,
      0.307090734729325,
      0.13896169471170003,
      0.1343486431633085,
      0.3022747845016364
    ]
  },
  "workspace_bounds": [
    [
      0.0,
      3.5
    ],
    [
      -1.0,
      3.5
    ]
  ]
}