{
  "id": "dist_0036",
  "params": {
    "n_gaussians": 3,
    "centers": [
      [
        0.754542976369919,
        -0.40667969342666926
      ],
      [
        2.620556939518232,
        -0.11920786030436537
      ],
      [
        3.147526583645896,
        3.025549153666364
      ]
    ],
    "covs": [
      26.629433413558246,
      19.86618226318558,
      15.684381898374728
    ],
    "weights": [
      0.2479865822381386,
      0.44309043535558995,
      0.3089229824062714
    ]
  },
  "workspace_bounds": [
    [
      0.0,
      3.5
    ],
    [
      -1.0,
      3.5
    ]
  ]
}