{
  "id": "dist_0020",
  "params": {
    "n_gaussians": 1,
    "centers": [
      [
        1.955657570675487,
        2.4364545027839846
      ]
    ],
    "covs": [
      10.911431400822334
    ],
    "weights": [
      1.0
    ]
  },
  "workspace_bounds": [
    [
      0.0,
      3.5
    ],
    [
      -1.0,
      3.5
    ]
  ]
}