{
  "id": "dist_0043",
  "params": {
    "n_gaussians": 7,
    "centers": [
      [
        2.3805937081184863,
        -0.33125825098115774
      ],
      [
        1.0408868302974914,
        1.5135962437628374
      ],
      [
        0.4517237112420295,
        1.8288577341349967
      ],
      [
        0.5044425335838496,
        0.6155714478798426
      ],
      [
        3.081969039410512,
        0.5657812211880608
      ],
      [
        2.8546771343500397,
        2.6173385546929593
      ],
      [
        2.3982792943478826,
        2.1915740154212378
      ]
    ],
    "covs": [
      24.75363393919428,
      13.091230064764703,
      14.688603134533661,
      29.83504346452748,
      26.95641777745996,
      11.854910164791534,
      28.141837315624407
    ],
    "weights": [
      0.08935175124490026,
      0.17620803995917106,
      0.11800920754984355,
      0.1733290283389399,
      0.19212227690011782,
      0.07067475884522723,
      0.18030493716180024
    ]
  },
  "workspace_bounds": [
    [
      0.0,
      3.5
    ],
    [
      -1.0,
      3.5
    ]
  ]
}