{
  "id": "dist_0036",
  "params": {
    "n_gaussians": 7,
    "centers": [
      [
        0.5578878188306653,
        1.031398364994926
      ],
      [
        0.9816683944260951,
        -0.08839248602584315
      ],
      [
        3.0249624261261485,
        1.3931448503889998
      ],
      [
        2.171427730885336,
        2.536517694874293
      ],
      [
        1.2676622788991594,
        2.5994922678190004
      ],
      [
        2.7181084197046035,
        0.14349859273278764
      ],
      [
        2.446855612105927,
        1.7999040880646142
      ]
    ],
    "covs": [
      16.327217556111847,
      29.971815923194207,
      26.342738972087005,
      18.5969180428648,
      24.02841227897645,
      17.108626546463793,
      19.06897573596953
    ],
    "weights": [
      0.2149353423105703,
      0.15707882098368278,
      0.1315635986877503,
      0.10305028066831033,
      0.10036936326153939,
      0.15962114346259795,
      0.13338145062554893
    ]
  },
  "workspace_bounds": [
    [
      0.0,
      3.5
    ],
    [
      -1.0,
      3.5
    ]
  ]
}