{
  "id": "dist_0030",
  "params": {
    "n_gaussians": 3,
    "centers": [
      [
        2.070199951501756,
        2.7918560482116863
      ],
      [
        1.5237793040103926,
        0.9650869726455811
      ],
      [
        1.023174940935903,
        1.3276479590538552
      ]
    ],
    "covs": [
      23.244046915504413,
      25.09602789046515,
      18.69542198920452
    ],
    "weights": [
      0.22375698580859746,
      0.4500581032278797,
      0.326184910963523
    ]
  },
  "workspace_bounds": [
    [
      0.0,
      3.5
    ],
    [
      -1.0,
      3.5
    ]
  ]
}