{
  "id": "dist_0024",
  "params": {
    "n_gaussians": 2,
    "centers": [
      [
        1.5327930895410005,
        -0.27486193889333
      ],
      [
        0.680621658203381,
        1.7171618544453915
      ]
    ],
    "covs": [
      26.44232847439313,
      27.36637039738261
    ],
    "weights": [
      0.5261123117755923,
      0.47388768822440763
    ]
  },
  "workspace_bounds": [
    [
      0.0,
      3.5
    ],
    [
      -1.0,
      3.5
    ]
  ]
}