{
  "id": "dist_0023",
  "params": {
    "n_gaussians": 6,
    "centers": [
      [
        2.7259281760652954,
        1.1451495452166165
      ],
      [
        0.9199674800206048,
        1.9878865560106005
      ],
      [
        1.0591096113515255,
        -0.07924517236710737
      ],
      [
        2.9179111858082623,
        2.703156471199345
      ],
      [
        1.8205854150904428,
        1.978739984083013
      ],
      [
        2.445874341844575,
        -0.41163415418986216
      ]
    ],
    "covs": [
      23.367010518461978,
      9.433650423748173,
      26.47314349236072,
      24.901608966276207,
      18.592618293944557,
      12.491600634558528
    ],
    "weights": [
      0.1399007243640742,
      0.1709758000912496,
      0.17684815903765716,
      0.1496091860433568,
      0.21206831829793463,
      0.15059781216572768
    ]
  },
  "workspace_bounds": [
    [
      0.0,
      3.5
    ],
    [
      -1.0,
      3.5
    ]
  ]
}