{
  "id": "dist_0008",
  "params": {
    "n_gaussians": 7,
    "centers": [
      [
        1.6237218471628478,
        1.7401413024383048
      ],
      [
        2.206365567876429,
        2.036575943626322
      ],
      [
        2.8036632091803604,
        2.137341031906839
      ],
      [
        2.436862817470639,
        -0.4072427884479206
      ],
      [
        2.798026558641777,
        0.8574432504347618
      ],
      [
        1.7835330730256147,
        0.05158047892919837
      ],
      [
        3.004410452735311,
        0.17313361780412218
      ]
    ],
    "covs": [
      18.509597248959796,
      26.905321423944137,
      18.009852251659787,
      28.195221325890326,
      27.368998510229055,
      15.886654088878284,
      17.51289883777834
    ],
    "weights": [
      0.12676744343559473,
      0.16821554719608967,
      0.14224973804316993,
      0.20174499772974946,
      0.1305289895721875,
      0.15929480214763048,
      0.07119848187557813
    ]
  },
  "workspace_bounds": [
    [
      0.0,
      3.5
    ],
    [
      -1.0,
      3.5
    ]
  ]
}