{
  "id": "dist_0037",
  "params": {
    "n_gaussians": 3,
    "centers": [
      [
        2.5074863163224714,
        2.862640880290571
      ],
      [
        2.516281210390438,
        0.8933533021386428
      ],
      [
        0.7698110070643893,
        1.3746017627625027
      ]
    ],
    "covs": [
      24.732376911710904,
      29.256251458444865,
      17.840744017904
    ],
    "weights": [
      0.2659285601238362,
      0.4166736224768864,
      0.31739781739927736
    ]
  },
  "workspace_bounds": [
    [
      0.0,
      3.5
    ],
    [
      -1.0,
      3.5
    ]
  ]
}