{
  "id": "dist_0021",
  "params": {
    "n_gaussians": 6,
    "centers": [
      [
        0.8170958625502395,
        -0.4860930157570535
      ],
      [
        0.7916860330834626,
        0.410839257628827
      ],
      [
        0.7424566521761373,
        2.7226108173937718
      ],
      [
        0.7011775060129284,
        1.9736464248512793
      ],
      [
        3.0952787970721567,
        1.8412133582933252
      ],
      [
        0.4474335994014587,
        1.127616736991375
      ]
    ],
    "covs": [
      25.51711428527383,
      11.770762926953012,
      19.788994513636695,
      12.852334326835152,
      17.770015455832148,
      9.905355615736593
    ],
    "weights": [
      0.21836343540431516,
      0.18098271106178787,
      0.14697980989131754,
      0.12916581557181553,
      0.1910093714561781,
      0.13349885661458566
    ]
  },
  "workspace_bounds": [
    [
      0.0,
      3.5
    ],
    [
      -1.0,
      3.5
    ]
  ]
}