{
  "id": "dist_0029",
  "params": {
    "n_gaussians": 2,
    "centers": [
      [
        1.0892289916505005,
        0.9113806278288339
      ],
      [
        1.8361528787756893,
        2.547980796708348
      ]
    ],
    "covs": [
      24.209119919085644,
      22.054485980562454
    ],
    "weights": [
      0.4257746143235594,
      0.5742253856764405
    ]
  },
  "workspace_bounds": [
    [
      0.0,
      3.5
    ],
    [
      -1.0,
      3.5
    ]
  ]
}