{
  "id": "dist_0009",
  "params": {
    "n_gaussians": 4,
    "centers": [
      [
        0.5681572270892191,
        2.044568438738719
      ],
      [
        2.675996144476219,
        1.3422904708874535
      ],
      [
        3.0190152968623916,
        2.5295135186901296
      ],
      [
        0.8161197811845504,
        0.833947923311072
      ]
    ],
    "covs": [
      15.195805342276996,
      18.044722525942948,
      28.519603350484918,
      13.510725838994318
    ],
    "weights": [
      0.12774841479476484,
      0.2322839719443557,
      0.3152659232035047,
      0.3247016900573748
    ]
  },
  "workspace_bounds": [
    [
      0.0,
      3.5
    ],
    [
      -1.0,
      3.5
    ]
  ]
}