{
  "id": "dist_0016",
  "params": {
    "n_gaussians": 1,
    "centers": [
      [
        0.6517387859569893,
        1.3352640349141645
      ]
    ],
    "covs": [
      20.003912896166014
    ],
    "weights": [
      1.0
    ]
  },
  "workspace_bounds": [
    [
      0.0,
      3.5
    ],
    [
      -1.0,
      3.5
    ]
  ]
}