{
  "id": "dist_0046",
  "params": {
    "n_gaussians": 6,
    "centers": [
      [
        1.892443350967779,
        0.013624577711432329
      ],
      [
        1.234023765573423,
        1.4270365370781501
      ],
      [
        2.731479356683884,
        1.9915357721414935
      ],
      [
        2.078990798540318,
        1.0495302570914626
      ],
      [
        0.9445309181292849,
        -0.5437029874843522
      ],
      [
        2.6726649131353613,
        0.32091799663438336
      ]
    ],
    "covs": [
      20.480123916678075,
      27.408843883396937,
      15.049705295876965,
      28.60090719077713,
      29.293895842489924,
      20.390690261729077
    ],
    "weights": [
      0.11934984318377756,
      0.09669650622780038,
      0.2129008407760697,
      0.17047515074975886,
      0.1891742055012766,
      0.21140345356131685
    ]
  },
  "workspace_bounds": [
    [
      0.0,
      3.5
    ],
    [
      -1.0,
      3.5
    ]
  ]
}