{
  "id": "dist_0035",
  "params": {
    "n_gaussians": 6,
    "centers": [
      [
        0.9597112620583397,
        2.5920599640972553
      ],
      [
        2.2584498227509697,
        2.162406256974041
      ],
      [
        2.801553048021007,
        -0.18272712303250505
      ],
      [
        2.661029911116716,
        2.91382959145745
      ],
      [
        2.172988906202302,
        -0.5130096410242804
      ],
      [
        1.4545185736746984,
        1.0815379204124336
      ]
    ],
    "covs": [
      13.910356921610992,
      8.131863264940645,
      14.023721660543128,
      9.011420413106386,
      25.682622062476444,
      28.57976229659752
    ],
    "weights": [
      0.10792465308798832,
      0.1563241554916785,
      0.1630508184129262,
      0.11924086670510275,
      0.19070886149276464,
      0.2627506448095395
    ]
  },
  "workspace_bounds": [
    [
      0.0,
      3.5
    ],
    [
      -1.0,
      3.5
    ]
  ]
}