{
  "id": "dist_0017",
  "params": {
    "n_gaussians": 5,
    "centers": [
      [
        0.4204685895998198,
        -0.43748155441034076
      ],
      [
        0.8074325164702835,
        1.9147015307079969
      ],
      [
        2.3697314998722665,
        0.8273679443344655
      ],
      [
        1.3662190258678548,
        -0.3911272102375801
      ],
      [
        2.4369228121052995,
        2.6244002859365567
      ]
    ],
    "covs": [
      17.827320399672367,
      14.750382567238303,
      10.46185599415981,
      14.366331398734026,
      8.274714460048054
    ],
    "weights": [
      0.20097173968824303,
      0.2806263350457086,
      0.1674852075833101,
      0.15633253983252182,
      0.19458417785021642
    ]
  },
  "workspace_bounds": [
    [
      0.0,
      3.5
    ],
    [
      -1.0,
      3.5
    ]
  ]
}