{
  "id": "dist_0004",
  "params": {
    "n_gaussians": 6,
    "centers": [
      [
        3.0816952441634142,
        0.8734706805407217
      ],
      [
        2.3830568744986595,
        0.738209661065665
      ],
      [
        0.6902892657028117,
        2.5666915598328313
      ],
      [
        3.102642687036558,
        0.16289352213168984
      ],
      [
        1.335149623189169,
        1.1171507436753005
      ],
      [
        1.2153083299384377,
        1.974367562813342
      ]
    ],
    "covs": [
      28.529535708775715,
      9.829990025381601,
      21.99733257917127,
      19.038256853463473,
      13.202617046285354,
      13.781471200393444
    ],
    "weights": [
      0.08415383377482555,
      0.1664722126146941,
      0.20300302495883074,
      0.2276537227640541,
      0.22894424805627797,
      0.08977295783131756
    ]
  },
  "workspace_bounds": [
    [
      0.0,
      3.5
    ],
    [
      -1.0,
      3.5
    ]
  ]
}