{
  "id": "dist_0047",
  "params": {
    "n_gaussians": 2,
    "centers": [
      [
        1.256612494551111,
        2.3406368225327823
      ],
      [
        2.631153085506871,
        -0.3850075010955709
      ]
    ],
    "covs": [
      18.17702239478511,
      28.928764359354552
    ],
    "weights": [
      0.6016769919239758,
      0.39832300807602417
    ]
  },
  "workspace_bounds": [
    [
      0.0,
      3.5
    ],
    [
      -1.0,
      3.5
    ]
  ]
}