{
  "id": "dist_0044",
  "params": {
    "n_gaussians": 3,
    "centers": [
      [
        2.1530147838570186,
        0.20229102175559155
      ],
      [
        2.5792837322369353,
        -0.36125464595613993
      ],
      [
        0.8062343150992122,
        0.5039781389652336
      ]
    ],
    "covs": [
      19.92844837556092,
      22.91242288813102,
      14.088007421917576
    ],
    "weights": [
      0.29287155531632997,
      0.44145510724925935,
      0.26567333743441063
    ]
  },
  "workspace_bounds": [
    [
      0.0,
      3.5
    ],
    [
      -1.0,
      3.5
    ]
  ]
}