{
  "id": "dist_0011",
  "params": {
    "n_gaussians": 4,
    "centers": [
      [
        3.0463863613466615,
        0.39666164141751925
      ],
      [
        0.42869856065738354,
        2.100209136550503
      ],
      [
        0.5718168066016115,
        2.9165498971938675
      ],
      [
        2.2162351003738263,
        -0.22291462809537327
      ]
    ],
    "covs": [
      9.757638160168582,
      16.3137646797966,
      18.02170077416989,
      19.806213662459164
    ],
    "weights": [
      0.26037332196885754,
      0.22000216496522823,
      0.3040263717775301,
      0.2155981412883842
    ]
  },
  "workspace_bounds": [
    [
      0.0,
      3.5
    ],
    [
      -1.0,
      3.5
    ]
  ]
}