{
  "id": "dist_0027",
  "params": {
    "n_gaussians": 7,
    "centers": [
      [
        0.6949703373525664,
        0.7971054491199085
      ],
      [
        1.5036587853227406,
        1.403329609280075
      ],
      [
        0.4384232307363491,
        1.5523271810836399
      ],
      [
        0.8220525165968235,
        -0.2102381241327601
      ],
      [
        1.627218859073598,
        -0.19204543335708296
      ],
      [
        1.8664431844588623,
        2.2177596472521293
      ],
      [
        3.1297293214888304,
        3.018505556905053
      ]
    ],
    "covs": [
      9.277347616182372,
      13.90826629741267,
      24.99186133100353,
      22.534921578403218,
      29.072833052182393,
      29.159399290994717,
      22.451120791746668
    ],
    "weights": [
      0.18035269042492888,
      0.11185415323235114,
      0.13691348657421143,
      0.09587948923797661,
      0.14221691405564502,
      0.15640495219966274,
      0.17637831427522424
    ]
  },
  "workspace_bounds": [
    [
      0.0,
      3.5
    ],
    [
      -1.0,
      3.5
    ]
  ]
}