{
  "id": "dist_0031",
  "params": {
    "n_gaussians": 6,
    "centers": [
      [
        1.9547379054617289,
        1.7715003124822755
      ],
      [
        1.9124282635593304,
        2.847278746725067
      ],
      [
        2.978190441096242,
        1.3514894868944047
      ],
      [
        0.827236975492157,
        1.8722864358691156
      ],
      [
        0.41866694333736076,
        2.6549733419324584
      ],
      [
        1.6975615557419788,
        0.9366249255457277
      ]
    ],
    "covs": [
      11.422106669376134,
      27.052727003404165,
      18.249170076685093,
      29.97429040244992,
      29.846662675021122,
      15.114015093019091
    ],
    "weights": [
      0.11706003825289042,
      0.22337061323744548,
      0.25179908882810026,
      0.13808407859045746,
      0.1789486302403928,
      0.09073755085071374
    ]
  },
  "workspace_bounds": [
    [
      0.0,
      3.5
    ],
    [
      -1.0,
      3.5
    ]
  ]
}