{
  "id": "dist_0031",
  "params": {
    "n_gaussians": 1,
    "centers": [
      [
        0.4280419003214797,
        0.994864283148879
      ]
    ],
    "covs": [
      26.970683291845926
    ],
    "weights": [
      1.0
    ]
  },
  "workspace_bounds": [
    [
      0.0,
      3.5
    ],
    [
      -1.0,
      3.5
    ]
  ]
}