{
  "id": "dist_0012",
  "params": {
    "n_gaussians": 2,
    "centers": [
      [
        1.2094399665185152,
        0.2585161570821881
      ],
      [
        3.1446694142470086,
        0.7195182625312189
      ]
    ],
    "covs": [
      26.66814295876362,
      8.237495415182776
    ],
    "weights": [
      0.451878575804972,
      0.5481214241950281
    ]
  },
  "workspace_bounds": [
    [
      0.0,
      3.5
    ],
    [
      -1.0,
      3.5
    ]
  ]
}