{
  "id": "dist_0026",
  "params": {
    "n_gaussians": 3,
    "centers": [
      [
        0.5874622683922437,
        0.12095753146968646
      ],
      [
        0.7736601024919418,
        2.5062140514646654
      ],
      [
        3.1431366900571516,
        2.1312507153372504
      ]
    ],
    "covs": [
      13.207112825186297,
      19.82846530654217,
      9.227099407948685
    ],
    "weights": [
      0.2768828147441531,
      0.2688683161233708,
      0.4542488691324761
    ]
  },
  "workspace_bounds": [
    [
      0.0,
      3.5
    ],
    [
      -1.0,
      3.5
    ]
  ]
}