{
  "id": "dist_0007",
  "params": {
    "n_gaussians": 7,
    "centers": [
      [
        0.48469924175611506,
        2.3006962126988766
      ],
      [
        2.806839096569033,
        1.5432160726798807
      ],
      [
        0.39383927656646023,
        1.4109537369912626
      ],
      [
        2.726779720654654,
        2.2396505313572606
      ],
      [
        1.1814850158486834,
        2.519004338749088
      ],
      [
        1.600171035898734,
        -0.19538982108598352
      ],
      [
        2.6982141209023047,
        -0.5426933323745589
      ]
    ],
    "covs": [
      22.530857664383703,
      10.195945748710047,
      28.672352968546225,
      27.62716602448603,
      10.206915389531371,
      10.240702791215384,
      16.22500946947265
    ],
    "weights": [
      0.0981730955726307,
      0.2037732843223512,
      0.1570144107188343,
      0.11251919455846471,
      0.08823174240617833,
      0.16366868115361827,
      0.1766195912679225
    ]
  },
  "workspace_bounds": [
    [
      0.0,
      3.5
    ],
    [
      -1.0,
      3.5
    ]
  ]
}