{
  "id": "dist_0000",
  "params": {
    "n_gaussians": 3,
    "centers": [
      [
        1.9300087671843806,
        2.791823838962058
      ],
      [
        1.2169577168604675,
        0.45028173811716643
      ],
      [
        0.861425453529697,
        -0.415639131626062
      ]
    ],
    "covs": [
      15.947466741708368,
      22.137227578528847,
      11.150792206408152
    ],
    "weights": [
      0.24386959227960503,
      0.3537627033158338,
      0.40236770440456127
    ]
  },
  "workspace_bounds": [
    [
      0.0,
      3.5
    ],
    [
      -1.0,
      3.5
    ]
  ]
}