{
  "id": "dist_0013",
  "params": {
    "n_gaussians": 1,
    "centers": [
      [
        0.42448077734464995,
        -0.37142345824308387
      ]
    ],
    "covs": [
      18.752110958508112
    ],
    "weights": [
      1.0
    ]
  },
  "workspace_bounds": [
    [
      0.0,
      3.5
    ],
    [
      -1.0,
      3.5
    ]
  ]
}