{
  "id": "dist_0045",
  "params": {
    "n_gaussians": 2,
    "centers": [
      [
        2.0894332327521417,
        2.7882487499174706
      ],
      [
        2.4701976614929215,
        0.4616144676630607
      ]
    ],
    "covs": [
      19.443649151732856,
      9.682794784845118
    ],
    "weights": [
      0.4618836073624254,
      0.5381163926375746
    ]
  },
  "workspace_bounds": [
    [
      0.0,
      3.5
    ],
    [
      -1.0,
      3.5
    ]
  ]
}