{
  "id": "dist_0047",
  "params": {
    "n_gaussians": 1,
    "centers": [
      [
        2.6888815919165907,
        0.06894132151208487
      ]
    ],
    "covs": [
      10.155612745133727
    ],
    "weights": [
      1.0
    ]
  },
  "workspace_bounds": [
    [
      0.0,
      3.5
    ],
    [
      -1.0,
      3.5
    ]
  ]
}