{
  "id": "dist_0002",
  "params": {
    "n_gaussians": 3,
    "centers": [
      [
        2.3758388817822564,
        2.1302830880864185
      ],
      [
        2.8067700445313832,
        1.4681445348240618
      ],
      [
        0.998464756726885,
        0.3559801593974915
      ]
    ],
    "covs": [
      29.23171163649859,
      20.513061343089426,
      29.70823281162514
    ],
    "weights": [
      0.32754469247594825,
      0.39253849013869996,
      0.2799168173853518
    ]
  },
  "workspace_bounds": [
    [
      0.0,
      3.5
    ],
    [
      -1.0,
      3.5
    ]
  ]
}