{
  "id": "dist_0022",
  "params": {
    "n_gaussians": 4,
    "centers": [
      [
        2.570288192196706,
        1.484080062196021
      ],
      [
        2.4941363273263164,
        -0.04718187606026214
      ],
      [
        3.0395961476976514,
        0.9150742049820597
      ],
      [
        0.8439547126715481,
        0.5171866817999224
      ]
    ],
    "covs": [
      9.878028718802913,
      12.977232221635928,
      23.125467834170394,
      23.25136862697081
    ],
    "weights": [
      0.28548209279408227,
      0.316484332358884,
      0.2727806843653086,
      0.12525289048172517
    ]
  },
  "workspace_bounds": [
    [
      0.0,
      3.5
    ],
    [
      -1.0,
      3.5
    ]
  ]
}