{
  "id": "dist_0018",
  "params": {
    "n_gaussians": 1,
    "centers": [
      [
        2.2304222019867126,
        1.909640130439701
      ]
    ],
    "covs": [
      17.127233235695694
    ],
    "weights": [
      1.0
    ]
  },
  "workspace_bounds": [
    [
      0.0,
      3.5
    ],
    [
      -1.0,
      3.5
    ]
  ]
}