{
  "id": "dist_0033",
  "params": {
    "n_gaussians": 5,
    "centers": [
      [
        2.4734786983125225,
        0.257545083135019
      ],
      [
        2.1009025410801243,
        1.7227471550665319
      ],
      [
        1.289283458031262,
        0.385824365113009
      ],
      [
        1.1324479149852527,
        2.164871548287577
      ],
      [
        1.8800830961055506,
        2.5285937105005214
      ]
    ],
    "covs": [
      17.668382112114678,
      14.216159894070334,
      27.681239381834022,
      23.821084901766586,
      12.242513333693633
    ],
    "weights": [
      0.13462294429660232,
      0.18642968606776494,
      0.2085480188071086,
      0.22808030710912416,
      0.24231904371939994
    ]
  },
  "workspace_bounds": [
    [
      0.0,
      3.5
    ],
    [
      -1.0,
      3.5
    ]
  ]
}