{
  "id": "dist_0040",
  "params": {
    "n_gaussians": 1,
    "centers": [
      [
        1.7253426527452207,
        2.830160897674663
      ]
    ],
    "covs": [
      27.91705128317861
    ],
    "weights": [
      1.0
    ]
  },
  "workspace_bounds": [
    [
      0.0,
      3.5
    ],
    [
      -1.0,
      3.5
    ]
  ]
}