{
  "id": "dist_0032",
  "params": {
    "n_gaussians": 7,
    "centers": [
      [
        2.1851306690267784,
        1.5564722715226578
      ],
      [
        0.6956903405652712,
        2.9283080190878827
      ],
      [
        1.623975605568711,
        2.110116207223678
      ],
      [
        0.5604588890176028,
        0.8532108719186748
      ],
      [
        1.0025878467217628,
        -0.42451203582490193
      ],
      [
        0.3618789495276732,
        -0.3295941421009488
      ],
      [
        2.944682350222953,
        1.0557467929392028
      ]
    ],
    "covs": [
      9.414710735801451,
      22.261798903071362,
      27.56836535462932,
      12.248126678749788,
      15.960475913331415,
      9.212670186701391,
      11.556921895716119
    ],
    "weights": [
      0.1352641576801833,
      0.10139732677219063,
      0.23063493573738944,
      0.10622423244760376,
      0.14989839270713584,
      0.16618153957904463,
      0.11039941507645239
    ]
  },
  "workspace_bounds": [
    [
      0.0,
      3.5
    ],
    [
      -1.0,
      3.5
    ]
  ]
}