{
  "id": "dist_0038",
  "params": {
    "n_gaussians": 4,
    "centers": [
      [
        1.5763927712116856,
        0.6521172696643427
      ],
      [
        3.121849842348773,
        -0.31937928705339824
      ],
      [
        0.49663878492108715,
        2.5915322681496527
      ],
      [
        2.222312399944443,
        2.877141303462551
      ]
    ],
    "covs": [
      22.49920965995419,
      15.034682024468188,
      29.08467815992349,
      11.944378804404055
    ],
    "weights": [
      0.22446406932557844,
      0.3700849296483727,
      0.1999377101968228,
      0.20551329082922612
    ]
  },
  "workspace_bounds": [
    [
      0.0,
      3.5
    ],
    [
      -1.0,
      3.5
    ]
  ]
}