{
  "id": "dist_0028",
  "params": {
    "n_gaussians": 1,
    "centers": [
      [
        1.640849609035607,
        0.7315143999893485
      ]
    ],
    "covs": [
      24.379142877955726
    ],
    "weights": [
      1.0
    ]
  },
  "workspace_bounds": [
    [
      0.0,
      3.5
    ],
    [
      -1.0,
      3.5
    ]
  ]
}