{
  "id": "dist_0032",
  "params": {
    "n_gaussians": 5,
    "centers": [
      [
        2.8594430475720634,
        -0.32308894018496903
      ],
      [
        2.1135212958381113,
        3.0124863113657563
      ],
      [
        1.3147706038484213,
        2.4847068524850284
      ],
      [
        1.5305517457176563,
        0.269806971350642
      ],
      [
        0.6988875477634502,
        1.1111773093041315
      ]
    ],
    "covs": [
      20.541621711681262,
      13.147432080256829,
      24.240729382449885,
      9.334623056964183,
      8.915279498877489
    ],
    "weights": [
      0.1906422226203268,
      0.22819664623513083,
      0.2219564191410055,
      0.21637060822220772,
      0.14283410378132932
    ]
  },
  "workspace_bounds": [
    [
      0.0,
      3.5
    ],
    [
      -1.0,
      3.5
    ]
  ]
}