{
  "id": "dist_0049",
  "params": {
    "n_gaussians": 2,
    "centers": [
      [
        1.0124235936793022,
        2.4653502578340794
      ],
      [
        1.7328122280865994,
        2.0292984228629756
      ]
    ],
    "covs": [
      13.865846974297014,
      24.426630298233444
    ],
    "weights": [
      0.3864591114869249,
      0.613540888513075
    ]
  },
  "workspace_bounds": [
    [
      0.0,
      3.5
    ],
    [
      -1.0,
      3.5
    ]
  ]
}