{
  "id": "dist_0019",
  "params": {
    "n_gaussians": 7,
    "centers": [
      [
        1.3148578868755136,
        1.7775925849733352
      ],
      [
        3.0502292074359985,
        2.998863266133527
      ],
      [
        1.4234858010767077,
        1.068960819502844
      ],
      [
        2.1094214418765262,
        1.1943790579198263
      ],
      [
        2.8821049255369977,
        0.5725116942454482
      ],
      [
        2.75193238221403,
        1.7603372904170798
      ],
      [
        0.8686596785298903,
        1.2743426729149498
      ]
    ],
    "covs": [
      28.66868812009823,
      25.059108967380105,
      24.82177259635188,
      8.75116857038522,
      9.908318883668526,
      10.456490720525853,
      14.013736716820233
    ],
    "weights": [
      0.1746010516111583,
      0.19349513235527702,
      0.08825771072060057,
      0.13780609268789096,
      0.16646437375759413,
      0.11850764770757441,
      0.12086799115990453
    ]
  },
  "workspace_bounds": [
    [
      0.0,
      3.5
    ],
    [
      -1.0,
      3.5
    ]
  ]
}