{
  "id": "dist_0003",
  "params": {
    "n_gaussians": 2,
    "centers": [
      [
        3.041826544251648,
        0.7598893884844751
      ],
      [
        1.1789242415615864,
        1.2709097685661057
      ]
    ],
    "covs": [
      14.172566210124035,
      9.037551805493726
    ],
    "weights": [
      0.29443281641126084,
      0.7055671835887392
    ]
  },
  "workspace_bounds": [
    [
      0.0,
      3.5
    ],
    [
      -1.0,
      3.5
    ]
  ]
}