{
  "id": "dist_0042",
  "params": {
    "n_gaussians": 5,
    "centers": [
      [
        1.824762415094833,
        0.49286701316720993
      ],
      [
        1.7868024284104205,
        2.0471345435693413
      ],
      [
        0.6429014050650721,
        2.2263652198611865
      ],
      [
        2.4058802270290354,
        -0.29265835084684
      ],
      [
        0.7680915076199138,
        0.23210609043713393
      ]
    ],
    "covs": [
      11.461049718861943,
      9.577927058543045,
      27.69176407287119,
      17.902071847390182,
      24.537967229044824
    ],
    "weights": [
      0.17301009797179834,
      0.24344077270880324,
      0.2353157889323346,
      0.1926449101182317,
      0.15558843026883207
    ]
  },
  "workspace_bounds": [
    [
      0.0,
      3.5
    ],
    [
      -1.0,
      3.5
    ]
  ]
}