{
  "id": "dist_0049",
  "params": {
    "n_gaussians": 6,
    "centers": [
      [
        0.48367189227025037,
        1.3167063154727554
      ],
      [
        1.213384468074116,
        1.127842762503148
      ],
      [
        3.0399555023521514,
        2.0443331699137204
      ],
      [
        1.9733501520367709,
        0.807440452650795
      ],
      [
        1.1194083842647373,
        0.060486751217706525
      ],
      [
        2.8176924337099876,
        -0.005396802262402356
      ]
    ],
    "covs": [
      20.035305972988706,
      27.59398642718174,
      27.317551463549727,
      10.705212585478229,
      22.54556747094397,
      28.93640983249634
    ],
    "weights": [
      0.09948109333375729,
      0.18984447616801964,
      0.1974840327568457,
      0.24055492897035274,
      0.1774280090842403,
      0.09520745968678439
    ]
  },
  "workspace_bounds": [
    [
      0.0,
      3.5
    ],
    [
      -1.0,
      3.5
    ]
  ]
}