{
  "id": "dist_0041",
  "params": {
    "n_gaussians": 4,
    "centers": [
      [
        1.6013533139381007,
        0.5444079847043486
      ],
      [
        1.3460826098680112,
        1.70165156275873
      ],
      [
        3.149396188956947,
        2.760865355907918
      ],
      [
        0.5742235587158071,
        1.9561428278963533
      ]
    ],
    "covs": [
      9.267617799489809,
      11.995048871482913,
      20.109148193384137,
      12.584245259829345
    ],
    "weights": [
      0.1432511936343334,
      0.2656361359903079,
      0.3638409300938705,
      0.22727174028148822
    ]
  },
  "workspace_bounds": [
    [
      0.0,
      3.5
    ],
    [
      -1.0,
      3.5
    ]
  ]
}