{
  "id": "dist_0034",
  "params": {
    "n_gaussians": 6,
    "centers": [
      [
        2.908876705222985,
        -0.11142555259033088
      ],
      [
        0.7676201582102041,
        2.6258519191469114
      ],
      [
        1.080274436855063,
        1.3412162989442868
      ],
      [
        1.362215905362123,
        2.9071721398040173
      ],
      [
        2.240628713982899,
        0.7554609453655867
      ],
      [
        2.318450982742225,
        2.5767574917172267
      ]
    ],
    "covs": [
      16.874003993510186,
      14.3894513650415,
      15.331525299941461,
      9.582681344929165,
      22.8835600906976,
      29.030169895433747
    ],
    "weights": [
      0.16113388998341238,
      0.199700226926699,
      0.10252691066534213,
      0.22184534706463657,
      0.11522042973358698,
      0.19957319562632297
    ]
  },
  "workspace_bounds": [
    [
      0.0,
      3.5
    ],
    [
      -1.0,
      3.5
    ]
  ]
}