{
  "id": "dist_0021",
  "params": {
    "n_gaussians": 1,
    "centers": [
      [
        1.9889372930821527,
        2.256190785390954
      ]
    ],
    "covs": [
      14.897024545579715
    ],
    "weights": [
      1.0
    ]
  },
  "workspace_bounds": [
    [
      0.0,
      3.5
    ],
    [
      -1.0,
      3.5
    ]
  ]
}