{
  "id": "dist_0048",
  "params": {
    "n_gaussians": 3,
    "centers": [
      [
        3.006826266752654,
        1.310451548306668
      ],
      [
        1.6313379868666655,
        0.713167912232815
      ],
      [
        1.050109873409372,
        0.30184211479786294
      ]
    ],
    "covs": [
      22.77788813148327,
      24.809665830235346,
      26.136186137765954
    ],
    "weights": [
      0.3589297895065821,
      0.29594420430662227,
      0.3451260061867957
    ]
  },
  "workspace_bounds": [
    [
      0.0,
      3.5
    ],
    [
      -1.0,
      3.5
    ]
  ]
}