{
  "id": "dist_0044",
  "params": {
    "n_gaussians": 5,
    "centers": [
      [
        1.1804838782651161,
        0.9158154681249764
      ],
      [
        2.5667641887030044,
        1.305858350788116
      ],
      [
        2.790042830550707,
        0.0854604212383524
      ],
      [
        0.7615443308165675,
        2.1935327055874625
      ],
      [
        0.6560179680066412,
        0.22167599995200493
      ]
    ],
    "covs": [
      8.8625133031954,
      12.16245807278445,
      26.9617822748082,
      29.841585273585366,
      17.698494906362622
    ],
    "weights": [
      0.16067692844627302,
      0.27939812955119825,
      0.22027458099217637,
      0.14905463544285522,
      0.19059572556749727
    ]
  },
  "workspace_bounds": [
    [
      0.0,
      3.5
    ],
    [
      -1.0,
      3.5
    ]
  ]
}