{
  "id": "dist_0034",
  "params": {
    "n_gaussians": 3,
    "centers": [
      [
        0.3885708628331478,
        1.1197335932482961
      ],
      [
        0.9205014245607832,
        1.9075311123735796
      ],
      [
        2.357636743384064,
        2.667058199892579
      ]
    ],
    "covs": [
      29.56070793273245,
      28.28443959947654,
      10.587074261215466
    ],
    "weights": [
      0.3436045840915401,
      0.20516960598428213,
      0.45122580992417777
    ]
  },
  "workspace_bounds": [
    [
      0.0,
      3.5
    ],
    [
      -1.0,
      3.5
    ]
  ]
}