{
  "id": "dist_0033",
  "params": {
    "n_gaussians": 1,
    "centers": [
      [
        2.5417140712627515,
        2.9701294488639034
      ]
    ],
    "covs": [
      11.170110077348987
    ],
    "weights": [
      1.0
    ]
  },
  "workspace_bounds": [
    [
      0.0,
      3.5
    ],
    [
      -1.0,
      3.5
    ]
  ]
}