{
  "id": "dist_0040",
  "params": {
    "n_gaussians": 5,
    "centers": [
      [
        3.0709799612113478,
        2.6788240021159284
      ],
      [
        1.0237058578376417,
        0.9889530340619459
      ],
      [
        1.4879427641005045,
        1.7579462764008815
      ],
      [
        0.5515620018618008,
        0.1416201969648201
      ],
      [
        1.759954632889413,
        0.8379640199889375
      ]
    ],
    "covs": [
      17.742867726847415,
      10.349581208052303,
      11.748255001153002,
      8.926335457030731,
      13.235099866320578
    ],
    "weights": [
      0.2290004503630619,
      0.23468231578181903,
      0.17750268840981953,
      0.19362723901593262,
      0.16518730642936683
    ]
  },
  "workspace_bounds": [
    [
      0.0,
      3.5
    ],
    [
      -1.0,
      3.5
    ]
  ]
}