{
  "id": "dist_0037",
  "params": {
    "n_gaussians": 3,
    "centers": [
      [
        1.493135012876464,
        1.8824258827251763
      ],
      [
        2.7052255240325334,
        0.7800876015837326
      ],
      [
        2.126236489806994,
        2.460277677213246
      ]
    ],
    "covs": [
      26.522604091479703,
      24.244179597174075,
      27.056732330960205
    ],
    "weights": [
      0.4474264414187361,
      0.2545252510606266,
      0.29804830752063716
    ]
  },
  "workspace_bounds": [
    [
      0.0,
      3.5
    ],
    [
      -1.0,
      3.5
    ]
  ]
}