{
  "id": "dist_0022",
  "params": {
    "n_gaussians": 5,
    "centers": [
      [
        2.5599040649776206,
        0.25763916441624535
      ],
      [
        1.2857045814303094,
        -0.3711692410680103
      ],
      [
        2.9169609515775736,
        2.125033758710818
      ],
      [
        0.49444773926314345,
        2.8397358614239607
      ],
      [
        1.2816253944348086,
        1.8720853233389987
      ]
    ],
    "covs": [
      12.508189927772134,
      19.47593009985104,
      9.145888022143902,
      20.745979065311314,
      13.261135717049473
    ],
    "weights": [
      0.12041391112558297,
      0.2874853595389558,
      0.13818555711860347,
      0.21749890769139682,
      0.23641626452546102
    ]
  },
  "workspace_bounds": [
    [
      0.0,
      3.5
    ],
    [
      -1.0,
      3.5
    ]
  ]
}