{
  "id": "dist_0023",
  "params": {
    "n_gaussians": 4,
    "centers": [
      [
        2.2008784059784405,
        -0.252397547433547
      ],
      [
        1.4851622953635601,
        1.9090241293510861
      ],
      [
        3.0752295839987327,
        2.254202630745044
      ],
      [
        0.6644313578915753,
        0.4251799367492841
      ]
    ],
    "covs": [
      21.246726454652197,
      22.770469942410863,
      9.652222468420987,
      23.811459856388403
    ],
    "weights": [
      0.1920695382386668,
      0.3047836860875689,
      0.22744189517355617,
      0.27570488050020797
    ]
  },
  "workspace_bounds": [
    [
      0.0,
      3.5
    ],
    [
      -1.0,
      3.5
    ]
  ]
}