{
  "id": "dist_0029",
  "params": {
    "n_gaussians": 2,
    "centers": [
      [
        1.582362796141229,
        -0.1689573735169
      ],
      [
        0.8481520779080242,
        0.8692210198202024
      ]
    ],
    "covs": [
      8.183053898854451,
      20.411343949581333
    ],
    "weights": [
      0.6662564572753981,
      0.333743542724602
    ]
  },
  "workspace_bounds": [
    [
      0.0,
      3.5
    ],
    [
      -1.0,
      3.5
    ]
  ]
}