{
  "id": "dist_0001",
  "params": {
    "n_gaussians": 7,
    "centers": [
      [
        2.7602761102386704,
        0.49585277139728934
      ],
      [
        1.617507161332757,
        -0.42634410967745323
      ],
      [
        1.9334467776126785,
        2.7916219899376067
      ],
      [
        3.00792935125846,
        1.600641905932641
      ],
      [
        2.85858373707735,
        -0.08317121299160612
      ],
      [
        1.176827557370604,
        1.451635657401207
      ],
      [
        1.8752979884275243,
        1.9532836992722526
      ]
    ],
    "covs": [
      24.71071318929823,
      9.4253971622538,
      12.919659082258514,
      10.322047018139292,
      23.026099530477637,
      12.261899218764757,
      22.788797816973158
    ],
    "weights": [
      0.12547830621795317,
      0.1599704727480369,
      0.12723252466389118,
      0.17532975222380223,
      0.18876327481194902,
      0.14235320376153263,
      0.0808724655728348
    ]
  },
  "workspace_bounds": [
    [
      0.0,
      3.5
    ],
    [
      -1.0,
      3.5
    ]
  ]
}