{
  "id": "dist_0014",
  "params": {
    "n_gaussians": 6,
    "centers": [
      [
        1.2147309044225862,
        1.5140523993291375
      ],
      [
        0.9099689603362142,
        -0.2207759720316907
      ],
      [
        0.372552203661583,
        2.455535892736571
      ],
      [
        2.4094813500510917,
        1.853453447950214
      ],
      [
        1.6146735439803863,
        0.5715695254574393
      ],
      [
        1.3179375216973062,
        2.4321778580681883
      ]
    ],
    "covs": [
      29.716066851958015,
      8.585214097455324,
      17.099001640429382,
      9.530466187501673,
      20.224888057109887,
      25.869727847758348
    ],
    "weights": [
      0.15426072795173718,
      0.1354822307151453,
      0.1587678829216239,
      0.1103506609801678,
      0.22770748919615919,
      0.21343100823516675
    ]
  },
  "workspace_bounds": [
    [
      0.0,
      3.5
    ],
    [
      -1.0,
      3.5
    ]
  ]
}