{
  "id": "dist_0025",
  "params": {
    "n_gaussians": 4,
    "centers": [
      [
        0.730315561461294,
        -0.3710892095806171
      ],
      [
        0.6538245494929307,
        1.9548203021975457
      ],
      [
        1.4309695218487162,
        1.6444143888416856
      ],
      [
        0.5329743232527897,
        2.6530456903350954
      ]
    ],
    "covs": [
      29.480561760062244,
      27.365232851441114,
      17.13585750507705,
      21.985663742678472
    ],
    "weights": [
      0.2361676090860362,
      0.17735722953945632,
      0.30332167911597663,
      0.28315348225853076
    ]
  },
  "workspace_bounds": [
    [
      0.0,
      3.5
    ],
    [
      -1.0,
      3.5
    ]
  ]
}