{
  "id": "dist_0006",
  "params": {
    "n_gaussians": 6,
    "centers": [
      [
        2.9874503686784877,
        1.154322610658143
      ],
      [
        0.468406168725554,
        2.7902936284777375
      ],
      [
        0.9822089842735737,
        1.1503763832613891
      ],
      [
        2.221598352701337,
        0.26056480925408965
      ],
      [
        0.3772106956265568,
        -0.1926105436341014
      ],
      [
        0.5327598518915782,
        1.8000897634854918
      ]
    ],
    "covs": [
      9.53667057638358,
      29.81742587813222,
      11.577620183815341,
      13.726009210584696,
      28.189643372655446,
      20.418823399112874
    ],
    "weights": [
      0.10062680886517203,
      0.23264701480237607,
      0.21177229106403217,
      0.18241039096182254,
      0.1386362998027862,
      0.13390719450381092
    ]
  },
  "workspace_bounds": [
    [
      0.0,
      3.5
    ],
    [
      -1.0,
      3.5
    ]
  ]
}