{
  "id": "dist_0039",
  "params": {
    "n_gaussians": 6,
    "centers": [
      [
        2.730476259553903,
        3.0431040263323066
      ],
      [
        2.198906970825387,
        -0.03906018194941363
      ],
      [
        0.7587363085933103,
        2.646411044050695
      ],
      [
        0.44199192105578533,
        0.9439086131717922
      ],
      [
        2.6920939677753046,
        1.7213208440901788
      ],
      [
        1.3427251449766104,
        1.0866253189497077
      ]
    ],
    "covs": [
      29.122120097483187,
      13.935197732324571,
      9.584416051360616,
      17.787337859791165,
      23.882146029673383,
      10.765531790374432
    ],
    "weights": [
      0.20296014118010444,
      0.20304368210139243,
      0.12858473920040672,
      0.15591588217513702,
      0.18280638887962358,
      0.12668916646333583
    ]
  },
  "workspace_bounds": [
    [
      0.0,
      3.5
    ],
    [
      -1.0,
      3.5
    ]
  ]
}