{
  "id": "dist_0035",
  "params": {
    "n_gaussians": 2,
    "centers": [
      [
        2.820669402666616,
        1.6243986598529998
      ],
      [
        0.6270366284192987,
        0.6397420671961289
      ]
    ],
    "covs": [
      14.265270761320064,
      9.553704100683985
    ],
    "weights": [
      0.29191648565839107,
      0.708083514341609
    ]
  },
  "workspace_bounds": [
    [
      0.0,
      3.5
    ],
    [
      -1.0,
      3.5
    ]
  ]
}