{
  "id": "dist_0025",
  "params": {
    "n_gaussians": 2,
    "centers": [
      [
        2.604665202076206,
        -0.03305201226660004
      ],
      [
        1.5244355546201136,
        -0.07530208946962624
      ]
    ],
    "covs": [
      28.681189261074152,
      12.20304681404163
    ],
    "weights": [
      0.5807124076391158,
      0.41928759236088425
    ]
  },
  "workspace_bounds": [
    [
      0.0,
      3.5
    ],
    [
      -1.0,
      3.5
    ]
  ]
}