{
  "id": "dist_0026",
  "params": {
    "n_gaussians": 2,
    "centers": [
      [
        2.190478040349845,
        2.1850085000698067
      ],
      [
        0.3820046177367734,
        2.9482350721279555
      ]
    ],
    "covs": [
      8.878460559045028,
      18.137930654499076
    ],
    "weights": [
      0.6951467541264374,
      0.30485324587356255
    ]
  },
  "workspace_bounds": [
    [
      0.0,
      3.5
    ],
    [
      -1.0,
      3.5
    ]
  ]
}