{
  "id": "dist_0038",
  "params": {
    "n_gaussians": 1,
    "centers": [
      [
        1.4364665540285493,
        -0.446904366403297
      ]
    ],
    "covs": [
      18.90117957010556
    ],
    "weights": [
      1.0
    ]
  },
  "workspace_bounds": [
    [
      0.0,
      3.5
    ],
    [
      -1.0,
      3.5
    ]
  ]
}