{
  "id": "dist_0036",
  "params": {
    "n_gaussians": 2,
    "centers": [
      [
        0.5489309243295806,
        1.9444981713203158
      ],
      [
        1.2234951687021045,
        0.4420485348833454
      ]
    ],
    "covs": [
      23.46596003735113,
      14.901070675931951
    ],
    "weights": [
      0.4553133153004851,
      0.544686684699515
    ]
  },
  "workspace_bounds": [
    [
      0.0,
      3.5
    ],
    [
      -1.0,
      3.5
    ]
  ]
}