{
  "id": "dist_0018",
  "params": {
    "n_gaussians": 4,
    "centers": [
      [
        2.187653348200385,
        -0.49283801611983874
      ],
      [
        0.6570168412791376,
        -0.1033126776403005
      ],
      [
        1.1540517564687647,
        0.2777401354711416
      ],
      [
        1.7382329174848274,
        1.1987559749382903
      ]
    ],
    "covs": [
      13.448489849038124,
      9.042000739896501,
      22.00510104093682,
      10.07164234397963
    ],
    "weights": [
      0.24922890582303941,
      0.2590627818299016,
      0.2593652888227533,
      0.2323430235243056
    ]
  },
  "workspace_bounds": [
    [
      0.0,
      3.5
    ],
    [
      -1.0,
      3.5
    ]
  ]
}