{
  "id": "dist_0028",
  "params": {
    "n_gaussians": 2,
    "centers": [
      [
        1.2564947276862308,
        1.7011400479640477
      ],
      [
        2.4440600904793204,
        2.351938265269472
      ]
    ],
    "covs": [
      12.719821975439086,
      25.21395502948348
    ],
    "weights": [
      0.3985372601088119,
      0.6014627398911881
    ]
  },
  "workspace_bounds": [
    [
      0.0,
      3.5
    ],
    [
      -1.0,
      3.5
    ]
  ]
}