{
  "id": "dist_0035",
  "params": {
    "n_gaussians": 5,
    "centers": [
      [
        1.862221200712766,
        0.21184353764339392
      ],
      [
        0.9501631016252776,
        0.17860936452806786
      ],
      [
        3.138427919804793,
        0.7581450630840734
      ],
      [
        1.7895980220800802,
        1.7501097561226706
      ],
      [
        0.5766059861672274,
        0.9838989242974305
      ]
    ],
    "covs": [
      14.573022283882928,
      28.188645785406184,
      16.619233127464504,
      28.007162186956744,
      9.651937867905588
    ],
    "weights": [
      0.1741670910003979,
      0.21577244957692984,
      0.16851374879558184,
      0.2346203446074516,
      0.20692636601963885
    ]
  },
  "workspace_bounds": [
    [
      0.0,
      3.5
    ],
    [
      -1.0,
      3.5
    ]
  ]
}