{
  "id": "dist_0000",
  "params": {
    "n_gaussians": 5,
    "centers": [
      [
        0.3707615132153362,
        2.861709412433079
      ],
      [
        1.9201575195180394,
        0.7988447589684935
      ],
      [
        0.9857737825069399,
        0.23748748217486226
      ],
      [
        0.4536280246329576,
        0.7811552812597788
      ],
      [
        2.7107900286435664,
        2.346110905571705
      ]
    ],
    "covs": [
      25.31029970786705,
      19.43683172714124,
      20.902984278934067,
      16.510318475114516,
      12.611666056018105
    ],
    "weights": [
      0.21780085575032834,
      0.19326515618026552,
      0.2697024195558541,
      0.20675027151224312,
      0.11248129700130906
    ]
  },
  "workspace_bounds": [
    [
      0.0,
      3.5
    ],
    [
      -1.0,
      3.5
    ]
  ]
}