{
  "id": "dist_0023",
  "params": {
    "n_gaussians": 7,
    "centers": [
      [
        1.390690309736102,
        2.808469325476156
      ],
      [
        0.8074286103470757,
        2.975593045665226
      ],
      [
        2.920016464331893,
        -0.2272524688799013
      ],
      [
        1.1023182940079366,
        0.8026076651288296
      ],
      [
        2.374755598544676,
        2.9243644751938094
      ],
      [
        2.295397332829795,
        2.297832850968909
      ],
      [
        1.8455365858018087,
        0.21018044300121252
      ]
    ],
    "covs": [
      11.501576240745916,
      17.556989751305895,
      25.614113124870443,
      23.971897635319273,
      15.861572331495402,
      23.199293244761787,
      12.260893374460665
    ],
    "weights": [
      0.18183563563412816,
      0.13107713538711624,
      0.16826761845404756,
      0.15482154732313935,
      0.10110306425287179,
      0.0981049124897126,
      0.16479008645898424
    ]
  },
  "workspace_bounds": [
    [
      0.0,
      3.5
    ],
    [
      -1.0,
      3.5
    ]
  ]
}