{
  "id": "dist_0024",
  "params": {
    "n_gaussians": 3,
    "centers": [
      [
        2.383103596253955,
        1.5253580030071408
      ],
      [
        1.808218117410612,
        0.06109439078431178
      ],
      [
        1.0349837689226737,
        2.251005630360761
      ]
    ],
    "covs": [
      16.076353120776364,
      11.28574063985203,
      13.20458844726139
    ],
    "weights": [
      0.37602625058883493,
      0.38402548244051404,
      0.23994826697065097
    ]
  },
  "workspace_bounds": [
    [
      0.0,
      3.5
    ],
    [
      -1.0,
      3.5
    ]
  ]
}