{
  "id": "dist_0049",
  "params": {
    "n_gaussians": 1,
    "centers": [
      [
        2.968942582438076,
        1.9423084905755734
      ]
    ],
    "covs": [
      13.021758296858053
    ],
    "weights": [
      1.0
    ]
  },
  "workspace_bounds": [
    [
      0.0,
      3.5
    ],
    [
      -1.0,
      3.5
    ]
  ]
}