{
  "id": "dist_0012",
  "params": {
    "n_gaussians": 4,
    "centers": [
      [
        0.7245353330104829,
        0.19548613758770883
      ],
      [
        2.297482022767405,
        2.866863023585201
      ],
      [
        1.248254133706511,
        -0.39398869764658967
      ],
      [
        1.2765806448484849,
        2.5770966984295
      ]
    ],
    "covs": [
      27.08139710569311,
      18.644912157222727,
      12.366322909737018,
      24.89602403915316
    ],
    "weights": [
      0.16781030339855785,
      0.22741337749562082,
      0.3124874745506004,
      0.29228884455522086
    ]
  },
  "workspace_bounds": [
    [
      0.0,
      3.5
    ],
    [
      -1.0,
      3.5
    ]
  ]
}