{
  "id": "dist_0009",
  "params": {
    "n_gaussians": 2,
    "centers": [
      [
        0.38028525820633524,
        2.963919509516133
      ],
      [
        2.511550689096061,
        0.8477773526722401
      ]
    ],
    "covs": [
      8.534468432841471,
      14.08072077236026
    ],
    "weights": [
      0.4294196688275156,
      0.5705803311724845
    ]
  },
  "workspace_bounds": [
    [
      0.0,
      3.5
    ],
    [
      -1.0,
      3.5
    ]
  ]
}