{
  "id": "dist_0001",
  "params": {
    "n_gaussians": 3,
    "centers": [
      [
        2.5943277470092,
        2.176153578893204
      ],
      [
        1.322475302337301,
        1.0149494966842452
      ],
      [
        1.1884426816786202,
        2.0272688620810353
      ]
    ],
    "covs": [
      28.74656073488185,
      8.045769592415256,
      19.371395690783075
    ],
    "weights": [
      0.27526341849007696,
      0.31653449857300714,
      0.40820208293691584
    ]
  },
  "workspace_bounds": [
    [
      0.0,
      3.5
    ],
    [
      -1.0,
      3.5
    ]
  ]
}