{
  "id": "dist_0042",
  "params": {
    "n_gaussians": 1,
    "centers": [
      [
        2.02700129805043,
        -0.213897895068957
      ]
    ],
    "covs": [
      16.43743222432123
    ],
    "weights": [
      1.0
    ]
  },
  "workspace_bounds": [
    [
      0.0,
      3.5
    ],
    [
      -1.0,
      3.5
    ]
  ]
}