{
  "id": "dist_0033",
  "params": {
    "n_gaussians": 2,
    "centers": [
      [
        1.6302070877762336,
        1.543441048207921
      ],
      [
        1.3168341323061394,
        2.2358689821863305
      ]
    ],
    "covs": [
      19.947349577362026,
      27.37581804559603
    ],
    "weights": [
      0.5691108501862102,
      0.43088914981378973
    ]
  },
  "workspace_bounds": [
    [
      0.0,
      3.5
    ],
    [
      -1.0,
      3.5
    ]
  ]
}