{
  "id": "dist_0011",
  "params": {
    "n_gaussians": 2,
    "centers": [
      [
        2.4311032898187195,
        -0.46020781645573394
      ],
      [
        1.007507307863606,
        2.992864238328459
      ]
    ],
    "covs": [
      26.431525437767416,
      14.950434882740344
    ],
    "weights": [
      0.36704784096298,
      0.63295215903702
    ]
  },
  "workspace_bounds": [
    [
      0.0,
      3.5
    ],
    [
      -1.0,
      3.5
    ]
  ]
}