{
  "id": "dist_0010",
  "params": {
    "n_gaussians": 4,
    "centers": [
      [
        1.4157371104873209,
        2.621454333650817
      ],
      [
        2.6821767204459666,
        0.4637724320951666
      ],
      [
        1.760300558896748,
        0.4500954083926767
      ],
      [
        2.2914395978806588,
        1.8014643604582072
      ]
    ],
    "covs": [
      29.52060918447396,
      12.85624131093677,
      15.93855160258234,
      22.467269058636937
    ],
    "weights": [
      0.29459632590198215,
      0.3755574091210312,
      0.13697793887257143,
      0.19286832610441518
    ]
  },
  "workspace_bounds": [
    [
      0.0,
      3.5
    ],
    [
      -1.0,
      3.5
    ]
  ]
}