{
  "id": "dist_0017",
  "params": {
    "n_gaussians": 7,
    "centers": [
      [
        1.5096935572781762,
        2.258630350747449
      ],
      [
        2.2468641160213205,
        2.4273085660776106
      ],
      [
        1.3737873070239461,
        1.5520191879826386
      ],
      [
        2.598798401104256,
        1.8085725852690484
      ],
      [
        2.152119856330602,
        -0.40859754692324685
      ],
      [
        2.5937419770773755,
        0.2822574006905373
      ],
      [
        0.5066657123095499,
        3.0498374154855945
      ]
    ],
    "covs": [
      27.59542353953705,
      18.444373919539466,
      19.442551406014452,
      11.92130052081107,
      12.562131435408581,
      29.927491316785236,
      25.163102320877712
    ],
    "weights": [
      0.16068865316030861,
      0.19354781382623637,
      0.2012182504437241,
      0.10750590163407497,
      0.10349366273199802,
      0.09793252822788286,
      0.13561318997577507
    ]
  },
  "workspace_bounds": [
    [
      0.0,
      3.5
    ],
    [
      -1.0,
      3.5
    ]
  ]
}