{
  "id": "dist_0021",
  "params": {
    "n_gaussians": 7,
    "centers": [
      [
        2.562734958813583,
        -0.4088580248395942
      ],
      [
        0.8395761436138265,
        -0.40342373645903995
      ],
      [
        3.1212053850918022,
        1.6347328168410649
      ],
      [
        1.701600877398068,
        1.9983957552619784
      ],
      [
        3.1291930310882057,
        2.550689674504347
      ],
      [
        1.9619338789295322,
        2.8053198209331818
      ],
      [
        0.6947925153958565,
        1.9897229985469032
      ]
    ],
    "covs": [
      24.14491716654874,
      8.849271585067104,
      26.638522421320985,
      10.775460082895112,
      21.54077494038514,
      23.676702214074012,
      27.83355256548752
    ],
    "weights": [
      0.08757488619176546,
      0.08794007397966115,
      0.14062721343543788,
      0.1647417214560923,
      0.1700403227567764,
      0.15157082462455437,
      0.1975049575557125
    ]
  },
  "workspace_bounds": [
    [
      0.0,
      3.5
    ],
    [
      -1.0,
      3.5
    ]
  ]
}