{
  "id": "dist_0026",
  "params": {
    "n_gaussians": 5,
    "centers": [
      [
        1.6269106783355214,
        0.7413440275666443
      ],
      [
        1.3155750586758772,
        2.915123764847497
      ],
      [
        0.6317000603887561,
        2.083732696054719
      ],
      [
        2.022114537000088,
        2.008415482761075
      ],
      [
        1.0499434267883496,
        1.2612681610969267
      ]
    ],
    "covs": [
      13.564190061308292,
      13.311369063010854,
      23.816499737699807,
      9.483737923569182,
      18.804246769801907
    ],
    "weights": [
      0.13784419341965137,
      0.18485643417033418,
      0.2890182759452037,
      0.13494167156407363,
      0.25333942490073713
    ]
  },
  "workspace_bounds": [
    [
      0.0,
      3.5
    ],
    [
      -1.0,
      3.5
    ]
  ]
}