{
  "id": "dist_0022",
  "params": {
    "n_gaussians": 1,
    "centers": [
      [
        1.3953339322457616,
        2.0539628405177215
      ]
    ],
    "covs": [
      23.11559536984256
    ],
    "weights": [
      1.0
    ]
  },
  "workspace_bounds": [
    [
      0.0,
      3.5
    ],
    [
      -1.0,
      3.5
    ]
  ]
}