{
  "id": "dist_0002",
  "params": {
    "n_gaussians": 7,
    "centers": [
      [
        1.4776143097873617,
        2.0864397368943806
      ],
      [
        1.2884156060482446,
        2.816299068636053
      ],
      [
        2.5926392405387912,
        -0.3273463151472973
      ],
      [
        1.4507032767981116,
        0.8653353459438513
      ],
      [
        2.8556920030518227,
        0.9270325433059234
      ],
      [
        2.946629048036546,
        2.02508980174043
      ],
      [
        1.7150007346968152,
        1.5055580281298642
      ]
    ],
    "covs": [
      29.873589441136854,
      16.496335173043875,
      14.79998126163872,
      22.69231226323606,
      19.974456217085915,
      20.660905248186538,
      14.32035698830098
    ],
    "weights": [
      0.1845348567256161,
      0.0927690121126732,
      0.16375928517996827,
      0.1350230818419997,
      0.0979185954614206,
      0.1442972739305781,
      0.18169789474774414
    ]
  },
  "workspace_bounds": [
    [
      0.0,
      3.5
    ],
    [
      -1.0,
      3.5
    ]
  ]
}