{
  "id": "dist_0015",
  "params": {
    "n_gaussians": 1,
    "centers": [
      [
        1.978109595664967,
        0.8253757596336717
      ]
    ],
    "covs": [
      20.349668558012098
    ],
    "weights": [
      1.0
    ]
  },
  "workspace_bounds": [
    [
      0.0,
      3.5
    ],
    [
      -1.0,
      3.5
    ]
  ]
}