{
  "id": "dist_0008",
  "params": {
    "n_gaussians": 2,
    "centers": [
      [
        1.5017221126001468,
        1.070764798342333
      ],
      [
        2.0769512887377,
        2.717479086949922
      ]
    ],
    "covs": [
      21.777339595565373,
      17.89038122097532
    ],
    "weights": [
      0.6566956098731492,
      0.3433043901268509
    ]
  },
  "workspace_bounds": [
    [
      0.0,
      3.5
    ],
    [
      -1.0,
      3.5
    ]
  ]
}