{
  "id": "dist_0030",
  "params": {
    "n_gaussians": 7,
    "centers": [
      [
        0.6262945106302245,
        0.42393731009329283
      ],
      [
        2.9270639676735857,
        -0.5068197670022351
      ],
      [
        1.12173968933542,
        2.7811302679782477
      ],
      [
        2.2328806176960914,
        1.1726924416231626
      ],
      [
        1.5393541113731601,
        0.8427498150235704
      ],
      [
        2.7374932550231965,
        0.5892711150585028
      ],
      [
        2.252277003147007,
        2.5851556838704592
      ]
    ],
    "covs": [
      26.912518461902355,
      25.81496237596079,
      10.45114579979478,
      26.17783252127717,
      9.817823648711858,
      10.095856730424885,
      23.794301532516737
    ],
    "weights": [
      0.15630992100793437,
      0.19181117832795672,
      0.1374507213357856,
      0.08713397394896616,
      0.1563190138960985,
      0.18721281032803846,
      0.08376238115522029
    ]
  },
  "workspace_bounds": [
    [
      0.0,
      3.5
    ],
    [
      -1.0,
      3.5
    ]
  ]
}