{
  "id": "dist_0032",
  "params": {
    "n_gaussians": 4,
    "centers": [
      [
        0.8903049957587654,
        -0.1865069635371865
      ],
      [
        0.9205880114249609,
        1.6135689504574449
      ],
      [
        3.0915219670942626,
        2.5833406061858577
      ],
      [
        2.049924321355993,
        0.30098284575718515
      ]
    ],
    "covs": [
      25.004690890865305,
      26.217356963025452,
      9.965406987858698,
      9.71281488055766
    ],
    "weights": [
      0.20372474426969686,
      0.18498176099288424,
      0.38799417302991135,
      0.22329932170750755
    ]
  },
  "workspace_bounds": [
    [
      0.0,
      3.5
    ],
    [
      -1.0,
      3.5
    ]
  ]
}