{
  "id": "dist_0046",
  "params": {
    "n_gaussians": 6,
    "centers": [
      [
        0.9981542768560923,
        1.7329725971679981
      ],
      [
        2.635514384236729,
        1.5121254628057412
      ],
      [
        2.9048754001234895,
        2.9404883642176163
      ],
      [
        0.4222354559546959,
        1.4333414448507393
      ],
      [
        1.5465275394244746,
        1.0688875865334329
      ],
      [
        2.082450479212298,
        2.250369760184082
      ]
    ],
    "covs": [
      19.190129678834815,
      22.188613141566563,
      11.69428640935191,
      19.27639522841298,
      16.326580671955128,
      22.990120386555883
    ],
    "weights": [
      0.18120925918346914,
      0.15901805613498687,
      0.1197204891440247,
      0.20072329401847178,
      0.20884291133074487,
      0.13048599018830268
    ]
  },
  "workspace_bounds": [
    [
      0.0,
      3.5
    ],
    [
      -1.0,
      3.5
    ]
  ]
}