{
  "id": "dist_0016",
  "params": {
    "n_gaussians": 4,
    "centers": [
      [
        0.8420409154876207,
        -0.47005366895841333
      ],
      [
        2.558457716181643,
        0.9808109282052644
      ],
      [
        1.8299695384609271,
        -0.5171583230396797
      ],
      [
        1.3445235928444375,
        2.4486317792728203
      ]
    ],
    "covs": [
      12.993170186470095,
      27.06742320504453,
      19.211930294779222,
      17.10079727169704
    ],
    "weights": [
      0.23960973002561553,
      0.20392730484425495,
      0.2004443291323173,
      0.3560186359978122
    ]
  },
  "workspace_bounds": [
    [
      0.0,
      3.5
    ],
    [
      -1.0,
      3.5
    ]
  ]
}