{
  "id": "dist_0041",
  "params": {
    "n_gaussians": 2,
    "centers": [
      [
        0.4303694599050465,
        0.08793713749814214
      ],
      [
        2.2167274593348774,
        2.6993471751356157
      ]
    ],
    "covs": [
      11.967812923016776,
      13.942648283691376
    ],
    "weights": [
      0.39134719399001755,
      0.6086528060099825
    ]
  },
  "workspace_bounds": [
    [
      0.0,
      3.5
    ],
    [
      -1.0,
      3.5
    ]
  ]
}