{
  "id": "dist_0004",
  "params": {
    "n_gaussians": 2,
    "centers": [
      [
        1.679509690424191,
        0.325842890273508
      ],
      [
        0.47068757414132434,
        0.3000694701784259
      ]
    ],
    "covs": [
      27.49557234251676,
      24.5657546584388
    ],
    "weights": [
      0.5414318165083281,
      0.4585681834916719
    ]
  },
  "workspace_bounds": [
    [
      0.0,
      3.5
    ],
    [
      -1.0,
      3.5
    ]
  ]
}