{
  "id": "dist_0014",
  "params": {
    "n_gaussians": 5,
    "centers": [
      [
        2.395735006366561,
        2.5283816507010766
      ],
      [
        0.616553074203682,
        1.4986658941455617
      ],
      [
        0.4715673666901313,
        2.4358858037140907
      ],
      [
        1.586868000947786,
        2.7469546881889766
      ],
      [
        1.893256683836826,
        0.9865350876520504
      ]
    ],
    "covs": [
      15.92657219891319,
      8.220672275242258,
      18.430269430124277,
      24.037750302474045,
      20.431590246229
    ],
    "weights": [
      0.23334144953367547,
      0.23864612630876778,
      0.17285914802145008,
      0.1753703877606283,
      0.17978288837547834
    ]
  },
  "workspace_bounds": [
    [
      0.0,
      3.5
    ],
    [
      -1.0,
      3.5
    ]
  ]
}