{
  "id": "dist_0048",
  "params": {
    "n_gaussians": 5,
    "centers": [
      [
        0.3791698378678872,
        0.3993835234419406
      ],
      [
        0.6514448263537781,
        2.287907051988369
      ],
      [
        1.8167703939395956,
        0.04985173109844698
      ],
      [
        1.481409835001196,
        1.630843395011041
      ],
      [
        0.5473366094683738,
        1.2333011052705725
      ]
    ],
    "covs": [
      23.859801923049936,
      21.53322098143751,
      8.354414642749196,
      19.982574163658185,
      27.537715087016466
    ],
    "weights": [
      0.2759510613590023,
      0.13192539622177726,
      0.22086291263101776,
      0.2582808952687152,
      0.11297973451948744
    ]
  },
  "workspace_bounds": [
    [
      0.0,
      3.5
    ],
    [
      -1.0,
      3.5
    ]
  ]
}