{
  "id": "dist_0047",
  "params": {
    "n_gaussians": 7,
    "centers": [
      [
        0.8215939088298198,
        0.13735604320029426
      ],
      [
        2.57730199115588,
        2.951339491365758
      ],
      [
        2.1206656443425866,
        2.554247167811951
      ],
      [
        1.1705515694495015,
        2.8089463943766724
      ],
      [
        2.0745139430299893,
        0.053968795586596396
      ],
      [
        1.4786635525334992,
        2.2525206753676557
      ],
      [
        2.75465597926905,
        0.9886327075951122
      ]
    ],
    "covs": [
      11.87116171165242,
      28.748922562872277,
      15.985841330066533,
      9.613370185424046,
      24.95768678324933,
      12.025137938409564,
      17.885753130086155
    ],
    "weights": [
      0.08295825758905774,
      0.16415236155541432,
      0.18372123035959503,
      0.15669962837057488,
      0.15956136217527403,
      0.16439301060991512,
      0.08851414934016867
    ]
  },
  "workspace_bounds": [
    [
      0.0,
      3.5
    ],
    [
      -1.0,
      3.5
    ]
  ]
}