{
  "id": "dist_0005",
  "params": {
    "n_gaussians": 4,
    "centers": [
      [
        1.2090239975117294,
        1.4291580648180182
      ],
      [
        2.8093194053386568,
        -0.31710849841590005
      ],
      [
        2.1734621437181643,
        -0.45610467413562056
      ],
      [
        1.0338134783504638,
        0.12240305270674745
      ]
    ],
    "covs": [
      19.744565459650353,
      9.98930288720825,
      12.38062309854513,
      25.377803712781287
    ],
    "weights": [
      0.2295181531841735,
      0.2412006395370991,
      0.3237375919076901,
      0.2055436153710373
    ]
  },
  "workspace_bounds": [
    [
      0.0,
      3.5
    ],
    [
      -1.0,
      3.5
    ]
  ]
}