{
  "id": "dist_0029",
  "params": {
    "n_gaussians": 6,
    "centers": [
      [
        0.4187422423496998,
        1.0169617554552424
      ],
      [
        1.6985754998896345,
        1.9471295549202987
      ],
      [
        2.013564000616465,
        0.4631504736849035
      ],
      [
        2.987092058985833,
        -0.29091368107162086
      ],
      [
        2.766744214820935,
        0.9211055186287973
      ],
      [
        3.100161697173228,
        2.356169328388595
      ]
    ],
    "covs": [
      22.298853015369076,
      18.65195298910234,
      10.763951270644107,
      9.996490459284539,
      29.62970397942256,
      16.570616277426794
    ],
    "weights": [
      0.16416489292074982,
      0.2469324531449668,
      0.2227329070437694,
      0.08801047154371408,
      0.16938223065641517,
      0.10877704469038478
    ]
  },
  "workspace_bounds": [
    [
      0.0,
      3.5
    ],
    [
      -1.0,
      3.5
    ]
  ]
}