{
  "id": "dist_0034",
  "params": {
    "n_gaussians": 3,
    "centers": [
      [
        3.0264977633039685,
        2.4956555958720417
      ],
      [
        1.6474976087774291,
        1.2820448725921145
      ],
      [
        2.192670107908815,
        2.329337457169302
      ]
    ],
    "covs": [
      22.276283512681793,
      9.307419027930417,
      14.357765194179166
    ],
    "weights": [
      0.3943944277717325,
      0.3452563074627332,
      0.2603492647655342
    ]
  },
  "workspace_bounds": [
    [
      0.0,
      3.5
    ],
    [
      -1.0,
      3.5
    ]
  ]
}