{
  "id": "dist_0027",
  "params": {
    "n_gaussians": 6,
    "centers": [
      [
        2.6894846221749935,
        0.6874739889979655
      ],
      [
        1.703896611071345,
        -0.28305283661072494
      ],
      [
        2.311311730723408,
        1.8386247325922198
      ],
      [
        0.9983221982067656,
        1.0571096330135135
      ],
      [
        1.0922614348974269,
        1.6737532998801876
      ],
      [
        2.1747783350488064,
        1.2064322117864676
      ]
    ],
    "covs": [
      13.111898464696775,
      8.209139764926093,
      22.298221798639723,
      20.620624187242157,
      21.512536124973924,
      28.93798052667607
    ],
    "weights": [
      0.17134866783941075,
      0.09273380765483859,
      0.0857048364177815,
      0.23010467634211826,
      0.19686662494795565,
      0.22324138679789524
    ]
  },
  "workspace_bounds": [
    [
      0.0,
      3.5
    ],
    [
      -1.0,
      3.5
    ]
  ]
}