{
  "id": "dist_0040",
  "params": {
    "n_gaussians": 7,
    "centers": [
      [
        2.9569450079811967,
        1.992110513822935
      ],
      [
        0.9441479184116173,
        1.80261768035186
      ],
      [
        3.072842604698019,
        0.9702728551397837
      ],
      [
        2.2018136216902793,
        2.615379424584071
      ],
      [
        2.4439378506588665,
        1.2861250689643549
      ],
      [
        1.3536509819753053,
        -0.3184115398054932
      ],
      [
        1.3626351259900826,
        0.9907501582745208
      ]
    ],
    "covs": [
      13.351586716412463,
      15.720929606229419,
      12.932206075141313,
      20.60861901760738,
      15.446199052516924,
      23.256455018088282,
      11.427894298329964
    ],
    "weights": [
      0.11794976105656386,
      0.1106068018069344,
      0.20211938490368409,
      0.16972117419946828,
      0.19904689986082383,
      0.09304214992641299,
      0.10751382824611265
    ]
  },
  "workspace_bounds": [
    [
      0.0,
      3.5
    ],
    [
      -1.0,
      3.5
    ]
  ]
}