{
  "id": "dist_0019",
  "params": {
    "n_gaussians": 4,
    "centers": [
      [
        1.480617922926036,
        2.5714710457406547
      ],
      [
        0.5426897740055965,
        1.3690823900311355
      ],
      [
        2.888360117694038,
        0.7237119709663922
      ],
      [
        0.48304561378038047,
        0.42428686578471764
      ]
    ],
    "covs": [
      15.698839581863119,
      26.915558279554663,
      24.734427073155402,
      18.864911036507664
    ],
    "weights": [
      0.2742928097900704,
      0.21519575565962354,
      0.2076228372574419,
      0.3028885972928641
    ]
  },
  "workspace_bounds": [
    [
      0.0,
      3.5
    ],
    [
      -1.0,
      3.5
    ]
  ]
}