{
  "id": "dist_0045",
  "params": {
    "n_gaussians": 6,
    "centers": [
      [
        1.2410218627320215,
        2.303967501261151
      ],
      [
        1.5082040235244378,
        0.10904676156890603
      ],
      [
        2.5359509767165753,
        -0.4134233348820895
      ],
      [
        0.8354140037104506,
        0.8567268722076176
      ],
      [
        2.786033592667195,
        1.736319121049805
      ],
      [
        1.214944556340186,
        -0.5488287014146687
      ]
    ],
    "covs": [
      22.72930979735139,
      9.148620744870522,
      28.340404156916964,
      14.659935658567095,
      16.301198432876227,
      26.229706215380137
    ],
    "weights": [
      0.1434509252763734,
      0.14356356571513793,
      0.22605938581207685,
      0.17744321214952724,
      0.1565790266725141,
      0.1529038843743706
    ]
  },
  "workspace_bounds": [
    [
      0.0,
      3.5
    ],
    [
      -1.0,
      3.5
    ]
  ]
}