{
  "id": "dist_0013",
  "params": {
    "n_gaussians": 3,
    "centers": [
      [
        3.0038997848516322,
        2.1637831148451587
      ],
      [
        1.1605483068739546,
        0.6410605808911853
      ],
      [
        1.7130097656372487,
        1.3789929257317783
      ]
    ],
    "covs": [
      9.341483315848336,
      14.112180043860695,
      9.689656095634579
    ],
    "weights": [
      0.37649596944988284,
      0.3221745371365738,
      0.30132949341354337
    ]
  },
  "workspace_bounds": [
    [
      0.0,
      3.5
    ],
    [
      -1.0,
      3.5
    ]
  ]
}