{
  "id": "dist_0007",
  "params": {
    "n_gaussians": 3,
    "centers": [
      [
        1.7027292999152759,
        -0.3109838981792092
      ],
      [
        2.38466747670039,
        0.6970990174002596
      ],
      [
        0.8459711948858184,
        1.3876229503819089
      ]
    ],
    "covs": [
      22.73101673615667,
      11.425076865266437,
      14.181586867916858
    ],
    "weights": [
      0.39745182905993964,
      0.3156911318850879,
      0.28685703905497245
    ]
  },
  "workspace_bounds": [
    [
      0.0,
      3.5
    ],
    [
      -1.0,
      3.5
    ]
  ]
}