{
  "id": "dist_0039",
  "params": {
    "n_gaussians": 3,
    "centers": [
      [
        1.0601053477759002,
        0.5526107182679443
      ],
      [
        2.6601202566439146,
        2.0391722959195695
      ],
      [
        1.7204344146975599,
        2.5483465845349107
      ]
    ],
    "covs": [
      20.220174011384344,
      14.09327519173748,
      25.436748974969337
    ],
    "weights": [
      0.32613646299981397,
      0.49503426674529843,
      0.17882927025488754
    ]
  },
  "workspace_bounds": [
    [
      0.0,
      3.5
    ],
    [
      -1.0,
      3.5
    ]
  ]
}