{
  "id": "dist_0025",
  "params": {
    "n_gaussians": 5,
    "centers": [
      [
        1.8602499906710526,
        2.59121436801344
      ],
      [
        3.1431999465601868,
        1.6413565110412194
      ],
      [
        0.8613375625819291,
        2.902372104799894
      ],
      [
        2.8959964536570313,
        -0.5368174283435998
      ],
      [
        2.885289795317703,
        2.782878819874462
      ]
    ],
    "covs": [
      12.321888441338128,
      8.76785494751204,
      12.050724257215252,
      27.88828231681704,
      25.080699764889445
    ],
    "weights": [
      0.1698840091505901,
      0.2584574491731251,
      0.20083621224689785,
      0.21368263050496886,
      0.157139698924418
    ]
  },
  "workspace_bounds": [
    [
      0.0,
      3.5
    ],
    [
      -1.0,
      3.5
    ]
  ]
}