{
  "id": "dist_0006",
  "params": {
    "n_gaussians": 7,
    "centers": [
      [
        1.145700917100485,
        2.867306422988026
      ],
      [
        2.0597046493299396,
        2.3945735380041357
      ],
      [
        0.5365703163848694,
        2.9478910102675187
      ],
      [
        2.00891829728814,
        0.3064634615283963
      ],
      [
        1.3776007803391435,
        0.6460450259441282
      ],
      [
        2.1991703629192307,
        1.3893431086516446
      ],
      [
        0.43919318220614345,
        0.48808972277925644
      ]
    ],
    "covs": [
      20.901351516980363,
      25.502979111167303,
      19.39706321216376,
      13.224235174737725,
      20.227836444065773,
      23.248714063072505,
      24.805517272092853
    ],
    "weights": [
      0.11816771284943176,
      0.10922051690257059,
      0.11100074791355692,
      0.16198575216113015,
      0.16698942134596567,
      0.16528496584067948,
      0.16735088298666553
    ]
  },
  "workspace_bounds": [
    [
      0.0,
      3.5
    ],
    [
      -1.0,
      3.5
    ]
  ]
}