{
  "id": "dist_0020",
  "params": {
    "n_gaussians": 4,
    "centers": [
      [
        1.0890218511449425,
        0.13832761273522587
      ],
      [
        2.3022780124310667,
        1.0209676269139933
      ],
      [
        0.677798503655409,
        1.332387125862326
      ],
      [
        0.45734761135366453,
        2.8696251881150587
      ]
    ],
    "covs": [
      11.689825213655116,
      17.121905347397558,
      15.679587476027734,
      11.242614546980207
    ],
    "weights": [
      0.2890340997955423,
      0.24829965756733846,
      0.16195927230628016,
      0.300706970330839
    ]
  },
  "workspace_bounds": [
    [
      0.0,
      3.5
    ],
    [
      -1.0,
      3.5
    ]
  ]
}