{
  "id": "dist_0037",
  "params": {
    "n_gaussians": 2,
    "centers": [
      [
        0.5564427495254671,
        2.3717136774239123
      ],
      [
        2.3920939800994225,
        -0.0292729455673284
      ]
    ],
    "covs": [
      12.658318330447678,
      19.1116784526451
    ],
    "weights": [
      0.6858471682121628,
      0.3141528317878372
    ]
  },
  "workspace_bounds": [
    [
      0.0,
      3.5
    ],
    [
      -1.0,
      3.5
    ]
  ]
}