{
  "id": "dist_0044",
  "params": {
    "n_gaussians": 5,
    "centers": [
      [
        2.6307308619872196,
        1.6985855280236104
      ],
      [
        1.2996145489719153,
        2.1682535132283975
      ],
      [
        0.4757920772175814,
        -0.38352198528360204
      ],
      [
        1.6985430968053095,
        1.680875773339764
      ],
      [
        1.4723812466655903,
        -0.23476816296430375
      ]
    ],
    "covs": [
      29.69094677628811,
      25.148632122297492,
      9.379367878295346,
      16.49610536640659,
      17.26661901146641
    ],
    "weights": [
      0.21545798038414443,
      0.2059187138256753,
      0.1938658311361546,
      0.1372834173707418,
      0.24747405728328384
    ]
  },
  "workspace_bounds": [
    [
      0.0,
      3.5
    ],
    [
      -1.0,
      3.5
    ]
  ]
}