{
  "id": "dist_0031",
  "params": {
    "n_gaussians": 3,
    "centers": [
      [
        1.5554012250425733,
        0.6964574803772716
      ],
      [
        0.9624035018139485,
        2.0270727321193434
      ],
      [
        0.4708893897844006,
        0.43674025235628366
      ]
    ],
    "covs": [
      15.214274537583947,
      25.184388696713746,
      26.414355408542995
    ],
    "weights": [
      0.31253391012074644,
      0.35945996903271693,
      0.32800612084653663
    ]
  },
  "workspace_bounds": [
    [
      0.0,
      3.5
    ],
    [
      -1.0,
      3.5
    ]
  ]
}