{
  "id": "dist_0043",
  "params": {
    "n_gaussians": 7,
    "centers": [
      [
        1.5293505085452175,
        1.9779987487380841
      ],
      [
        2.2794454260880332,
        2.715502352408981
      ],
      [
        2.1209699717523205,
        1.096554266915507
      ],
      [
        1.538281606540883,
        0.7691080614683146
      ],
      [
        0.6410512448813038,
        0.44814865203173515
      ],
      [
        2.6425345045313726,
        2.2028425414491197
      ],
      [
        2.321902744669471,
        0.3155385530299821
      ]
    ],
    "covs": [
      20.331749811538756,
      12.402282426849364,
      12.951160964437783,
      25.423980614018465,
      22.334467914736244,
      24.28822666889967,
      22.207676004707434
    ],
    "weights": [
      0.15878658876080276,
      0.10084734056679155,
      0.09916346412703571,
      0.20222999252297646,
      0.1730647998254196,
      0.09350081554897287,
      0.17240699864800105
    ]
  },
  "workspace_bounds": [
    [
      0.0,
      3.5
    ],
    [
      -1.0,
      3.5
    ]
  ]
}