{
  "id": "dist_0038",
  "params": {
    "n_gaussians": 3,
    "centers": [
      [
        1.6165289392532192,
        0.0003874202420444117
      ],
      [
        2.424003577513554,
        2.2142295235666847
      ],
      [
        2.526010483351257,
        0.5241004476136086
      ]
    ],
    "covs": [
      8.430286729552789,
      21.32106459929955,
      26.357606174993293
    ],
    "weights": [
      0.3065913664260945,
      0.2549678593239477,
      0.43844077424995775
    ]
  },
  "workspace_bounds": [
    [
      0.0,
      3.5
    ],
    [
      -1.0,
      3.5
    ]
  ]
}