{
  "id": "dist_0003",
  "params": {
    "n_gaussians": 3,
    "centers": [
      [
        2.4814887363410976,
        2.0382689934145874
      ],
      [
        3.1096988608328378,
        3.0404518488619514
      ],
      [
        1.694050034309495,
        1.5823238162608326
      ]
    ],
    "covs": [
      24.339682541173524,
      10.475177662593554,
      18.56163107141824
    ],
    "weights": [
      0.256968238471799,
      0.2132879758656756,
      0.5297437856625254
    ]
  },
  "workspace_bounds": [
    [
      0.0,
      3.5
    ],
    [
      -1.0,
      3.5
    ]
  ]
}