{
  "robot_state": {
    "mean": [
      0.09602066432668104,
      0.10164837934565213,
      -0.0030095771346961876,
      0.005120252892616918
    ],
    "std": [
      0.008158811354930413,
      0.007616292145981327,
      0.01266715019269569,
      0.01146238083774857
    ],
    "min": [
      0.06403650343418121,
      0.06491736322641373,
      -0.0332910493016243,
      -0.04118122160434723
    ],
    "max": [
      0.14387528598308563,
      0.15498538315296173,
      0.02695740945637226,
      0.02886001393198967
    ],
    "count": 90000
  },
  "trajectory_all_points": {
    "mean": [
      1.5218313089005637,
      1.5109966707697962,
      0.2558061836282053,
      0.2647288439729168
    ],
    "std": [
      0.8409916025069095,
      0.9286715829074419,
      0.2892003738644673,
      0.2523635852875611
    ],
    "min": [
      -0.00693791639059782,
      -0.3061859905719757,
      -0.6354759335517883,
      -0.6036950349807739
    ],
    "max": [
      3.272214412689209,
      3.1505250930786133,
      1.0442715883255005,
      1.0564234256744385
    ],
    "count": 9090000
  },
  "gamma_hist": {
    "0.0010000000000000002": 896,
    "0.0010647859778233498": 892,
    "0.001133769178569226": 889,
    "0.0012072215234288095": 898,
    "0.0012854325502735374": 907,
    "0.0013687105549689707": 900,
    "0.0014573838066297739": 917,
    "0.0015518018416061992": 901,
    "0.00165233684130273": 907,
    "0.0017593850992600724": 913,
    "0.0018733685832834674": 902,
    "0.0019947365987750282": 902,
    "0.002123967559826691": 883,
    "0.002261570875055135": 896,
    "0.002408088955612391": 898,
    "0.0025640993532873484": 906,
    "0.002730217037126285": 901,
    "0.0029070968175464776": 895,
    "0.0030954359274983742": 917,
    "0.0032959767708508835": 890,
    "0.003509509848833502": 912,
    "0.003736876876070856": 900,
    "0.003978974098492567": 909,
    "0.004236755826197189": 900,
    "0.004511238195196147": 901,
    "0.00480350317286597": 911,
    "0.005114702822897649": 897,
    "0.00544606384655492": 916,
    "0.005798892418142374": 888,
    "0.006174579333744131": 878,
    "0.006574605493528591": 894,
    "0.007000547739229601": 902,
    "0.007454085069814631": 897,
    "0.007937005259841003": 897,
    "0.008451211906588863": 915,
    "0.008998731933749551": 913,
    "0.009581723581247719": 896,
    "0.010202484912691899": 903,
    "0.010863462873988617": 915,
    "0.011567262938827615": 903,
    "0.012316659379059344": 889,
    "0.013114606200448835": 895,
    "0.013964248786913077": 905,
    "0.014868936299141752": 891,
    "0.015832234876474748": 909,
    "0.01685794169407609": 916,
    "0.017950099930815824": 909,
    "0.01911301470686056": 915,
    "0.020351270053796576": 877,
    "0.021669746984178832": 910,
    "0.023073642731733433": 896,
    "0.024568491238055393": 906,
    "0.0261601849665572": 887,
    "0.0278549981296553": 911,
    "0.02965961142075258": 896,
    "0.031581138348506614": 893,
    "0.033627153277189084": 898,
    "0.035805721283667415": 906,
    "0.03812542994870012": 901,
    "0.04059542320786226": 892,
    "0.04322543739553632": 903,
    "0.04602583962404811": 890,
    "0.04900766864923271": 910,
    "0.052182678383515944": 905,
    "0.05556338422803337": 891,
    "0.059163112406421": 922,
    "0.06299605249474367": 889,
    "0.0670773133546267": 903,
    "0.07142298269006937": 898,
    "0.0760501904627057": 893,
    "0.08097717641548399": 908,
    "0.08622336197093501": 907,
    "0.09180942678743859": 919,
    "0.097757390275264": 890,
    "0.10409069839370581": 893,
    "0.11083431607145731": 905,
    "0.11801482561452888": 898,
    "0.12566053148961812": 885,
    "0.13380157189597483": 904,
    "0.14247003756555665": 895,
    "0.15170009825977063": 908,
    "0.16152813746142808": 885,
    "0.17199289579285099": 895,
    "0.18313562372546033": 905,
    "0.19500024418280312": 900,
    "0.20763352567797796": 883,
    "0.22108526666793515": 892,
    "0.23540849185135337": 892,
    "0.25065966118386335": 903,
    "0.2668988924345292": 878,
    "0.2841901981608692": 894,
    "0.30260173803653234": 912,
    "0.3222060875262742": 902,
    "0.3430805239672993": 894,
    "0.365307331184668": 908,
    "0.3889741238415046": 887,
    "0.4141741928025572": 903,
    "0.4410068728724674": 889,
    "0.46957793435832745": 911,
    "0.5": 892
  }
}